-- MySQL dump 10.13  Distrib 9.5.0, for macos15.7 (arm64)
--
-- Host: localhost    Database: skillswap
-- ------------------------------------------------------
-- Server version	9.5.0

/*!40101 SET @OLD_CHARACTER_SET_CLIENT=@@CHARACTER_SET_CLIENT */;
/*!40101 SET @OLD_CHARACTER_SET_RESULTS=@@CHARACTER_SET_RESULTS */;
/*!40101 SET @OLD_COLLATION_CONNECTION=@@COLLATION_CONNECTION */;
/*!50503 SET NAMES utf8mb4 */;
/*!40103 SET @OLD_TIME_ZONE=@@TIME_ZONE */;
/*!40103 SET TIME_ZONE='+00:00' */;
/*!40014 SET @OLD_UNIQUE_CHECKS=@@UNIQUE_CHECKS, UNIQUE_CHECKS=0 */;
/*!40014 SET @OLD_FOREIGN_KEY_CHECKS=@@FOREIGN_KEY_CHECKS, FOREIGN_KEY_CHECKS=0 */;
/*!40101 SET @OLD_SQL_MODE=@@SQL_MODE, SQL_MODE='NO_AUTO_VALUE_ON_ZERO' */;
/*!40111 SET @OLD_SQL_NOTES=@@SQL_NOTES, SQL_NOTES=0 */;
SET @MYSQLDUMP_TEMP_LOG_BIN = @@SESSION.SQL_LOG_BIN;
SET @@SESSION.SQL_LOG_BIN= 0;

--
-- GTID state at the beginning of the backup 
--

SET @@GLOBAL.GTID_PURGED=/*!80000 '+'*/ 'dfbb6188-ee36-11ef-8686-4f3b3b759cae:1-6440';

--
-- Table structure for table `activity_logs`
--

DROP TABLE IF EXISTS `activity_logs`;
/*!40101 SET @saved_cs_client     = @@character_set_client */;
/*!50503 SET character_set_client = utf8mb4 */;
CREATE TABLE `activity_logs` (
  `id` bigint NOT NULL AUTO_INCREMENT,
  `uuid` char(32) NOT NULL,
  `activity_type` varchar(50) NOT NULL,
  `description` longtext NOT NULL,
  `metadata` json NOT NULL,
  `ip_address` char(39) DEFAULT NULL,
  `user_agent` longtext,
  `created_at` datetime(6) NOT NULL,
  `user_id` char(32) DEFAULT NULL,
  PRIMARY KEY (`id`),
  UNIQUE KEY `uuid` (`uuid`),
  KEY `activity_logs_user_id_60cbbbe3_fk_users_id` (`user_id`),
  CONSTRAINT `activity_logs_user_id_60cbbbe3_fk_users_id` FOREIGN KEY (`user_id`) REFERENCES `users` (`id`)
) ENGINE=InnoDB DEFAULT CHARSET=utf8mb4 COLLATE=utf8mb4_0900_ai_ci;
/*!40101 SET character_set_client = @saved_cs_client */;

--
-- Dumping data for table `activity_logs`
--

LOCK TABLES `activity_logs` WRITE;
/*!40000 ALTER TABLE `activity_logs` DISABLE KEYS */;
/*!40000 ALTER TABLE `activity_logs` ENABLE KEYS */;
UNLOCK TABLES;

--
-- Table structure for table `addresses`
--

DROP TABLE IF EXISTS `addresses`;
/*!40101 SET @saved_cs_client     = @@character_set_client */;
/*!50503 SET character_set_client = utf8mb4 */;
CREATE TABLE `addresses` (
  `id` bigint NOT NULL AUTO_INCREMENT,
  `street_name` varchar(200) DEFAULT NULL,
  `street_number` varchar(200) DEFAULT NULL,
  `postal_code` varchar(200) DEFAULT NULL,
  `latitude` double DEFAULT NULL,
  `longitude` double DEFAULT NULL,
  `timezone` varchar(200) DEFAULT NULL,
  `created_at` datetime(6) NOT NULL,
  `updated_at` datetime(6) NOT NULL,
  `district_id` bigint DEFAULT NULL,
  PRIMARY KEY (`id`),
  KEY `addresses_district_id_4c53b6fc_fk_districts_id` (`district_id`),
  CONSTRAINT `addresses_district_id_4c53b6fc_fk_districts_id` FOREIGN KEY (`district_id`) REFERENCES `districts` (`id`)
) ENGINE=InnoDB AUTO_INCREMENT=39 DEFAULT CHARSET=utf8mb4 COLLATE=utf8mb4_0900_ai_ci;
/*!40101 SET character_set_client = @saved_cs_client */;

--
-- Dumping data for table `addresses`
--

LOCK TABLES `addresses` WRITE;
/*!40000 ALTER TABLE `addresses` DISABLE KEYS */;
INSERT INTO `addresses` VALUES (1,'Rauchstraße','22','13587',52.5751565,13.1876252,'','2026-02-16 10:04:58.609405','2026-02-16 10:45:46.545101',1),(2,'Pepitapromenade','22','13591',52.536515,13.1398288,'','2026-02-16 10:53:55.408399','2026-02-16 10:54:17.359973',1),(3,'goltsra','45','13599',52.5475313,13.2359564,'','2026-02-16 11:55:59.957247','2026-02-16 11:55:59.958699',1),(4,'fdjkals','55','13595',52.511632,13.1964848,'','2026-02-16 12:34:35.485461','2026-02-16 12:34:45.252669',1),(5,'Valeska-Gierschner-Straße','0','89530',65.057807,-82.841904,NULL,'2026-02-16 13:12:47.200441','2026-02-16 13:12:47.200454',29),(6,'Eigenwilligstraße','80-44','38818',-24.829699,-128.873619,NULL,'2026-02-16 13:14:02.590813','2026-02-16 13:14:02.590824',34),(7,'Baldur-Hein-Allee','2','97930',47.555229,139.200273,NULL,'2026-02-16 13:14:35.396222','2026-02-16 13:14:35.396238',60),(8,'Adele-Franke-Straße','354','58105',-63.443639,-143.454392,NULL,'2026-02-16 13:18:10.989358','2026-02-16 13:18:10.989371',57),(9,'Gierschnergasse','61/97','68637',82.3607215,-3.360157,NULL,'2026-02-16 13:18:11.091851','2026-02-16 13:18:11.091856',28),(10,'Walterstr.','2883','27890',18.8275615,-57.867054,NULL,'2026-02-16 13:18:11.189311','2026-02-16 13:18:11.189315',43),(11,'Lissy-Herrmann-Platz','5-2','60740',70.2954505,-46.394847,NULL,'2026-02-16 13:18:11.288562','2026-02-16 13:18:11.288565',63),(12,'Blochgasse','88-94','46609',-50.904886,-134.786787,NULL,'2026-02-16 13:18:11.387439','2026-02-16 13:18:11.387442',21),(13,'Heinz-Gerd-Wiek-Straße','3-5','87850',35.2980145,-54.075565,NULL,'2026-02-16 13:18:11.485510','2026-02-16 13:18:11.485513',25),(14,'Enno-Rosenow-Allee','4','65884',-43.049603,-49.461548,NULL,'2026-02-16 13:18:11.583758','2026-02-16 13:18:11.583762',30),(15,'Gutknechtweg','2/9','33992',82.176562,-42.327152,NULL,'2026-02-16 13:18:11.682953','2026-02-16 13:18:11.682957',7),(16,'Reichmanngasse','7/8','75238',41.327304,-157.722685,NULL,'2026-02-16 13:18:11.781587','2026-02-16 13:18:11.781590',12),(17,'Ruppertweg','73','32698',-58.0355555,74.33275,NULL,'2026-02-16 13:18:11.881124','2026-02-16 13:18:11.881127',44),(18,'Jürgen-Spieß-Platz','23','56507',27.836123,71.313754,NULL,'2026-02-16 13:18:11.979253','2026-02-16 13:18:11.979257',8),(19,'Wendeallee','52','69757',83.620263,-132.203031,NULL,'2026-02-16 13:18:12.077565','2026-02-16 13:18:12.077570',39),(20,'Mangoldgasse','57','01516',-11.49771,-91.079537,NULL,'2026-02-16 13:18:12.177411','2026-02-16 13:18:12.177415',39),(21,'Ingetraut-Schönland-Straße','7','96162',80.654753,-28.438174,NULL,'2026-02-16 13:18:12.278722','2026-02-16 13:18:12.278726',19),(22,'Julius-Käster-Weg','2','26496',-16.223826,123.428492,NULL,'2026-02-16 13:18:12.379754','2026-02-16 13:18:12.379758',44),(23,'Ebertstr.','8','21457',-85.7237885,54.179774,NULL,'2026-02-16 13:18:12.481125','2026-02-16 13:18:12.481129',1),(24,'Yilmaz-Heydrich-Weg','559','24101',52.023072,-101.630528,NULL,'2026-02-16 13:18:12.580763','2026-02-16 13:18:12.580767',15),(25,'Rosa-Wagner-Gasse','295','34785',-14.4222235,-86.945198,NULL,'2026-02-16 13:18:12.681378','2026-02-16 13:18:12.681381',41),(26,'Stiffelstraße','0','01619',-76.413367,98.305597,NULL,'2026-02-16 13:18:12.778611','2026-02-16 13:18:12.778614',37),(27,'Rennerring','12/38','45932',37.8906595,-168.721955,NULL,'2026-02-16 13:18:12.878516','2026-02-16 13:18:12.878520',53),(28,'Krista-Neuschäfer-Gasse','4/1','89537',77.092039,-34.167058,NULL,'2026-02-16 13:18:12.977664','2026-02-16 13:18:12.977668',24),(29,'Langeweg','34','69591',0.453242,102.002165,NULL,'2026-02-16 13:18:13.077159','2026-02-16 13:18:13.077162',50),(30,'Lindnerplatz','8','13955',-45.9474985,157.412537,NULL,'2026-02-16 13:18:13.177284','2026-02-16 13:18:13.177287',17),(31,'Paola-Lübs-Platz','23','79824',79.2496455,-94.388108,NULL,'2026-02-16 13:18:13.277760','2026-02-16 13:18:13.277764',17),(32,'Zobelplatz','7123','78507',-8.23545,-121.434646,NULL,'2026-02-16 13:18:13.377236','2026-02-16 13:18:13.377239',14),(33,'Naserweg','7/1','55597',-23.667985,32.920042,NULL,'2026-02-16 13:18:13.477367','2026-02-16 13:18:13.477370',15),(34,'Jacobi Jäckelweg','3/1','81700',9.6148515,64.682573,NULL,'2026-02-16 13:18:13.576699','2026-02-16 13:18:13.576702',59),(35,'Holtgasse','64/15','50963',-11.798277,52.708861,NULL,'2026-02-16 13:18:13.678003','2026-02-16 13:18:13.678006',23),(36,'Beierstr.','4-2','92860',-68.080094,124.062258,NULL,'2026-02-16 13:18:13.780018','2026-02-16 13:18:13.780021',5),(37,'Gumprichring','96/96','52145',-40.7378415,142.71489,NULL,'2026-02-16 13:18:13.881268','2026-02-16 13:18:13.881271',44),(38,'warchauer','19','10997',52.5013525,13.4330798,'','2026-02-16 13:54:02.449623','2026-02-16 13:54:02.451102',10);
/*!40000 ALTER TABLE `addresses` ENABLE KEYS */;
UNLOCK TABLES;

--
-- Table structure for table `auth_group`
--

DROP TABLE IF EXISTS `auth_group`;
/*!40101 SET @saved_cs_client     = @@character_set_client */;
/*!50503 SET character_set_client = utf8mb4 */;
CREATE TABLE `auth_group` (
  `id` int NOT NULL AUTO_INCREMENT,
  `name` varchar(150) NOT NULL,
  PRIMARY KEY (`id`),
  UNIQUE KEY `name` (`name`)
) ENGINE=InnoDB DEFAULT CHARSET=utf8mb4 COLLATE=utf8mb4_0900_ai_ci;
/*!40101 SET character_set_client = @saved_cs_client */;

--
-- Dumping data for table `auth_group`
--

LOCK TABLES `auth_group` WRITE;
/*!40000 ALTER TABLE `auth_group` DISABLE KEYS */;
/*!40000 ALTER TABLE `auth_group` ENABLE KEYS */;
UNLOCK TABLES;

--
-- Table structure for table `auth_group_permissions`
--

DROP TABLE IF EXISTS `auth_group_permissions`;
/*!40101 SET @saved_cs_client     = @@character_set_client */;
/*!50503 SET character_set_client = utf8mb4 */;
CREATE TABLE `auth_group_permissions` (
  `id` bigint NOT NULL AUTO_INCREMENT,
  `group_id` int NOT NULL,
  `permission_id` int NOT NULL,
  PRIMARY KEY (`id`),
  UNIQUE KEY `auth_group_permissions_group_id_permission_id_0cd325b0_uniq` (`group_id`,`permission_id`),
  KEY `auth_group_permissio_permission_id_84c5c92e_fk_auth_perm` (`permission_id`),
  CONSTRAINT `auth_group_permissio_permission_id_84c5c92e_fk_auth_perm` FOREIGN KEY (`permission_id`) REFERENCES `auth_permission` (`id`),
  CONSTRAINT `auth_group_permissions_group_id_b120cbf9_fk_auth_group_id` FOREIGN KEY (`group_id`) REFERENCES `auth_group` (`id`)
) ENGINE=InnoDB DEFAULT CHARSET=utf8mb4 COLLATE=utf8mb4_0900_ai_ci;
/*!40101 SET character_set_client = @saved_cs_client */;

--
-- Dumping data for table `auth_group_permissions`
--

LOCK TABLES `auth_group_permissions` WRITE;
/*!40000 ALTER TABLE `auth_group_permissions` DISABLE KEYS */;
/*!40000 ALTER TABLE `auth_group_permissions` ENABLE KEYS */;
UNLOCK TABLES;

--
-- Table structure for table `auth_permission`
--

DROP TABLE IF EXISTS `auth_permission`;
/*!40101 SET @saved_cs_client     = @@character_set_client */;
/*!50503 SET character_set_client = utf8mb4 */;
CREATE TABLE `auth_permission` (
  `id` int NOT NULL AUTO_INCREMENT,
  `name` varchar(255) NOT NULL,
  `content_type_id` int NOT NULL,
  `codename` varchar(100) NOT NULL,
  PRIMARY KEY (`id`),
  UNIQUE KEY `auth_permission_content_type_id_codename_01ab375a_uniq` (`content_type_id`,`codename`),
  CONSTRAINT `auth_permission_content_type_id_2f476e4b_fk_django_co` FOREIGN KEY (`content_type_id`) REFERENCES `django_content_type` (`id`)
) ENGINE=InnoDB AUTO_INCREMENT=105 DEFAULT CHARSET=utf8mb4 COLLATE=utf8mb4_0900_ai_ci;
/*!40101 SET character_set_client = @saved_cs_client */;

--
-- Dumping data for table `auth_permission`
--

LOCK TABLES `auth_permission` WRITE;
/*!40000 ALTER TABLE `auth_permission` DISABLE KEYS */;
INSERT INTO `auth_permission` VALUES (1,'Can add log entry',1,'add_logentry'),(2,'Can change log entry',1,'change_logentry'),(3,'Can delete log entry',1,'delete_logentry'),(4,'Can view log entry',1,'view_logentry'),(5,'Can add permission',2,'add_permission'),(6,'Can change permission',2,'change_permission'),(7,'Can delete permission',2,'delete_permission'),(8,'Can view permission',2,'view_permission'),(9,'Can add group',3,'add_group'),(10,'Can change group',3,'change_group'),(11,'Can delete group',3,'delete_group'),(12,'Can view group',3,'view_group'),(13,'Can add content type',4,'add_contenttype'),(14,'Can change content type',4,'change_contenttype'),(15,'Can delete content type',4,'delete_contenttype'),(16,'Can view content type',4,'view_contenttype'),(17,'Can add session',5,'add_session'),(18,'Can change session',5,'change_session'),(19,'Can delete session',5,'delete_session'),(20,'Can view session',5,'view_session'),(21,'Can add Address',6,'add_address'),(22,'Can change Address',6,'change_address'),(23,'Can delete Address',6,'delete_address'),(24,'Can view Address',6,'view_address'),(25,'Can add contact message',7,'add_contactmessage'),(26,'Can change contact message',7,'change_contactmessage'),(27,'Can delete contact message',7,'delete_contactmessage'),(28,'Can view contact message',7,'view_contactmessage'),(29,'Can add Country',8,'add_country'),(30,'Can change Country',8,'change_country'),(31,'Can delete Country',8,'delete_country'),(32,'Can view Country',8,'view_country'),(33,'Can add Language',9,'add_language'),(34,'Can change Language',9,'change_language'),(35,'Can delete Language',9,'delete_language'),(36,'Can view Language',9,'view_language'),(37,'Can add Skill',10,'add_skill'),(38,'Can change Skill',10,'change_skill'),(39,'Can delete Skill',10,'delete_skill'),(40,'Can view Skill',10,'view_skill'),(41,'Can add Skill Category',11,'add_skillcategory'),(42,'Can change Skill Category',11,'change_skillcategory'),(43,'Can delete Skill Category',11,'delete_skillcategory'),(44,'Can view Skill Category',11,'view_skillcategory'),(45,'Can add User',12,'add_user'),(46,'Can change User',12,'change_user'),(47,'Can delete User',12,'delete_user'),(48,'Can view User',12,'view_user'),(49,'Can add activity log',13,'add_activitylog'),(50,'Can change activity log',13,'change_activitylog'),(51,'Can delete activity log',13,'delete_activitylog'),(52,'Can view activity log',13,'view_activitylog'),(53,'Can add City',14,'add_city'),(54,'Can change City',14,'change_city'),(55,'Can delete City',14,'delete_city'),(56,'Can view City',14,'view_city'),(57,'Can add district',15,'add_district'),(58,'Can change district',15,'change_district'),(59,'Can delete district',15,'delete_district'),(60,'Can view district',15,'view_district'),(61,'Can add Exchange',16,'add_exchange'),(62,'Can change Exchange',16,'change_exchange'),(63,'Can delete Exchange',16,'delete_exchange'),(64,'Can view Exchange',16,'view_exchange'),(65,'Can add exchange negotiation',17,'add_exchangenegotiation'),(66,'Can change exchange negotiation',17,'change_exchangenegotiation'),(67,'Can delete exchange negotiation',17,'delete_exchangenegotiation'),(68,'Can view exchange negotiation',17,'view_exchangenegotiation'),(69,'Can add Exchange Request',18,'add_exchangerequest'),(70,'Can change Exchange Request',18,'change_exchangerequest'),(71,'Can delete Exchange Request',18,'delete_exchangerequest'),(72,'Can view Exchange Request',18,'view_exchangerequest'),(73,'Can add rating',19,'add_rating'),(74,'Can change rating',19,'change_rating'),(75,'Can delete rating',19,'delete_rating'),(76,'Can view rating',19,'view_rating'),(77,'Can add comment',20,'add_comment'),(78,'Can change comment',20,'change_comment'),(79,'Can delete comment',20,'delete_comment'),(80,'Can view comment',20,'view_comment'),(81,'Can add Social Media Link',21,'add_socialmedialink'),(82,'Can change Social Media Link',21,'change_socialmedialink'),(83,'Can delete Social Media Link',21,'delete_socialmedialink'),(84,'Can view Social Media Link',21,'view_socialmedialink'),(85,'Can add system_log',22,'add_systemlog'),(86,'Can change system_log',22,'change_systemlog'),(87,'Can delete system_log',22,'delete_systemlog'),(88,'Can view system_log',22,'view_systemlog'),(89,'Can add User Skill',23,'add_userskill'),(90,'Can change User Skill',23,'change_userskill'),(91,'Can delete User Skill',23,'delete_userskill'),(92,'Can view User Skill',23,'view_userskill'),(93,'Can add Skill Verification',24,'add_skillverification'),(94,'Can change Skill Verification',24,'change_skillverification'),(95,'Can delete Skill Verification',24,'delete_skillverification'),(96,'Can view Skill Verification',24,'view_skillverification'),(97,'Can add exchange document',25,'add_exchangedocument'),(98,'Can change exchange document',25,'change_exchangedocument'),(99,'Can delete exchange document',25,'delete_exchangedocument'),(100,'Can view exchange document',25,'view_exchangedocument'),(101,'Can add user block list',26,'add_userblocklist'),(102,'Can change user block list',26,'change_userblocklist'),(103,'Can delete user block list',26,'delete_userblocklist'),(104,'Can view user block list',26,'view_userblocklist');
/*!40000 ALTER TABLE `auth_permission` ENABLE KEYS */;
UNLOCK TABLES;

--
-- Table structure for table `cities`
--

DROP TABLE IF EXISTS `cities`;
/*!40101 SET @saved_cs_client     = @@character_set_client */;
/*!50503 SET character_set_client = utf8mb4 */;
CREATE TABLE `cities` (
  `id` bigint NOT NULL AUTO_INCREMENT,
  `city_name` varchar(150) NOT NULL,
  `created_at` datetime(6) NOT NULL,
  `updated_at` datetime(6) NOT NULL,
  `country_id` bigint NOT NULL,
  PRIMARY KEY (`id`),
  KEY `cities_country_id_1e7b9101_fk_countries_id` (`country_id`),
  CONSTRAINT `cities_country_id_1e7b9101_fk_countries_id` FOREIGN KEY (`country_id`) REFERENCES `countries` (`id`)
) ENGINE=InnoDB AUTO_INCREMENT=29 DEFAULT CHARSET=utf8mb4 COLLATE=utf8mb4_0900_ai_ci;
/*!40101 SET character_set_client = @saved_cs_client */;

--
-- Dumping data for table `cities`
--

LOCK TABLES `cities` WRITE;
/*!40000 ALTER TABLE `cities` DISABLE KEYS */;
INSERT INTO `cities` VALUES (1,'Baden-Württemberg','2026-02-16 09:47:05.827198','2026-02-16 09:47:05.827208',1),(2,'Bayern','2026-02-16 09:47:05.829012','2026-02-16 09:47:05.829019',1),(3,'Berlin','2026-02-16 09:47:05.830491','2026-02-16 09:47:05.830499',1),(4,'Brandenburg','2026-02-16 09:47:05.831615','2026-02-16 09:47:05.831622',1),(5,'Bremen','2026-02-16 09:47:05.832946','2026-02-16 09:47:05.832951',1),(6,'Hamburg','2026-02-16 09:47:05.834129','2026-02-16 09:47:05.834134',1),(7,'Hesse','2026-02-16 09:47:05.835206','2026-02-16 09:47:05.835210',1),(8,'Lower Saxony','2026-02-16 09:47:05.836321','2026-02-16 09:47:05.836325',1),(9,'Mecklenburg-Vorpommern','2026-02-16 09:47:05.837456','2026-02-16 09:47:05.837460',1),(10,'North Rhine-Westphalia','2026-02-16 09:47:05.838593','2026-02-16 09:47:05.838597',1),(11,'Rhineland-Palatinate','2026-02-16 09:47:05.839691','2026-02-16 09:47:05.839694',1),(12,'Saarland','2026-02-16 09:47:05.840804','2026-02-16 09:47:05.840808',1),(13,'Saxony','2026-02-16 09:47:05.841918','2026-02-16 09:47:05.841922',1),(14,'Saxony-Anhalt','2026-02-16 09:47:05.842846','2026-02-16 09:47:05.842850',1),(15,'Schleswig-Holstein','2026-02-16 09:47:05.843912','2026-02-16 09:47:05.843915',1),(16,'Thuringia','2026-02-16 09:47:05.844813','2026-02-16 09:47:05.844817',1),(17,'Paris','2026-02-16 09:47:05.845972','2026-02-16 09:47:05.845975',2),(18,'Marseille','2026-02-16 09:47:05.846832','2026-02-16 09:47:05.846836',2),(19,'Lyon','2026-02-16 09:47:05.847713','2026-02-16 09:47:05.847717',2),(20,'Bordeaux','2026-02-16 09:47:05.848563','2026-02-16 09:47:05.848567',2),(21,'Rome','2026-02-16 09:47:05.849631','2026-02-16 09:47:05.849634',3),(22,'Milan','2026-02-16 09:47:05.850343','2026-02-16 09:47:05.850346',3),(23,'Florence','2026-02-16 09:47:05.851049','2026-02-16 09:47:05.851053',3),(24,'Naples','2026-02-16 09:47:05.851761','2026-02-16 09:47:05.851765',3),(25,'Madrid','2026-02-16 09:47:05.852673','2026-02-16 09:47:05.852677',4),(26,'Barcelona','2026-02-16 09:47:05.853374','2026-02-16 09:47:05.853377',4),(27,'Seville','2026-02-16 09:47:05.854085','2026-02-16 09:47:05.854089',4),(28,'Valencia','2026-02-16 09:47:05.854765','2026-02-16 09:47:05.854768',4);
/*!40000 ALTER TABLE `cities` ENABLE KEYS */;
UNLOCK TABLES;

--
-- Table structure for table `comments`
--

DROP TABLE IF EXISTS `comments`;
/*!40101 SET @saved_cs_client     = @@character_set_client */;
/*!50503 SET character_set_client = utf8mb4 */;
CREATE TABLE `comments` (
  `id` bigint NOT NULL AUTO_INCREMENT,
  `content` longtext NOT NULL,
  `is_admin_reply` tinyint(1) NOT NULL,
  `is_deleted` tinyint(1) NOT NULL,
  `like_count` int unsigned NOT NULL,
  `created_at` datetime(6) NOT NULL,
  `updated_at` datetime(6) NOT NULL,
  `author_id` char(32) NOT NULL,
  `parent_id` bigint DEFAULT NULL,
  `rating_id` bigint NOT NULL,
  PRIMARY KEY (`id`),
  KEY `comments_author_id_7a23bb5d_fk_users_id` (`author_id`),
  KEY `comments_parent_id_d317363b_fk_comments_id` (`parent_id`),
  KEY `comments_rating_id_010a2c1b_fk_ratings_id` (`rating_id`),
  CONSTRAINT `comments_author_id_7a23bb5d_fk_users_id` FOREIGN KEY (`author_id`) REFERENCES `users` (`id`),
  CONSTRAINT `comments_parent_id_d317363b_fk_comments_id` FOREIGN KEY (`parent_id`) REFERENCES `comments` (`id`),
  CONSTRAINT `comments_rating_id_010a2c1b_fk_ratings_id` FOREIGN KEY (`rating_id`) REFERENCES `ratings` (`id`),
  CONSTRAINT `comments_chk_1` CHECK ((`like_count` >= 0))
) ENGINE=InnoDB DEFAULT CHARSET=utf8mb4 COLLATE=utf8mb4_0900_ai_ci;
/*!40101 SET character_set_client = @saved_cs_client */;

--
-- Dumping data for table `comments`
--

LOCK TABLES `comments` WRITE;
/*!40000 ALTER TABLE `comments` DISABLE KEYS */;
/*!40000 ALTER TABLE `comments` ENABLE KEYS */;
UNLOCK TABLES;

--
-- Table structure for table `countries`
--

DROP TABLE IF EXISTS `countries`;
/*!40101 SET @saved_cs_client     = @@character_set_client */;
/*!50503 SET character_set_client = utf8mb4 */;
CREATE TABLE `countries` (
  `id` bigint NOT NULL AUTO_INCREMENT,
  `country_name` varchar(100) NOT NULL,
  `country_code` varchar(10) DEFAULT NULL,
  `created_at` datetime(6) NOT NULL,
  `updated_at` datetime(6) NOT NULL,
  PRIMARY KEY (`id`),
  UNIQUE KEY `country_name` (`country_name`)
) ENGINE=InnoDB AUTO_INCREMENT=5 DEFAULT CHARSET=utf8mb4 COLLATE=utf8mb4_0900_ai_ci;
/*!40101 SET character_set_client = @saved_cs_client */;

--
-- Dumping data for table `countries`
--

LOCK TABLES `countries` WRITE;
/*!40000 ALTER TABLE `countries` DISABLE KEYS */;
INSERT INTO `countries` VALUES (1,'Germany','DE','2026-02-16 09:47:00.560154','2026-02-16 09:47:00.560169'),(2,'France','FR','2026-02-16 09:47:00.561751','2026-02-16 09:47:00.561759'),(3,'Italy','IT','2026-02-16 09:47:00.562865','2026-02-16 09:47:00.562870'),(4,'Spain','ES','2026-02-16 09:47:00.563725','2026-02-16 09:47:00.563728');
/*!40000 ALTER TABLE `countries` ENABLE KEYS */;
UNLOCK TABLES;

--
-- Table structure for table `districts`
--

DROP TABLE IF EXISTS `districts`;
/*!40101 SET @saved_cs_client     = @@character_set_client */;
/*!50503 SET character_set_client = utf8mb4 */;
CREATE TABLE `districts` (
  `id` bigint NOT NULL AUTO_INCREMENT,
  `district_name` varchar(150) NOT NULL,
  `created_at` datetime(6) NOT NULL,
  `updated_at` datetime(6) NOT NULL,
  `city_id` bigint NOT NULL,
  PRIMARY KEY (`id`),
  KEY `districts_city_id_17efea70_fk_cities_id` (`city_id`),
  CONSTRAINT `districts_city_id_17efea70_fk_cities_id` FOREIGN KEY (`city_id`) REFERENCES `cities` (`id`)
) ENGINE=InnoDB AUTO_INCREMENT=67 DEFAULT CHARSET=utf8mb4 COLLATE=utf8mb4_0900_ai_ci;
/*!40101 SET character_set_client = @saved_cs_client */;

--
-- Dumping data for table `districts`
--

LOCK TABLES `districts` WRITE;
/*!40000 ALTER TABLE `districts` DISABLE KEYS */;
INSERT INTO `districts` VALUES (1,'Spandau','2026-02-16 09:47:37.136264','2026-02-16 09:47:37.136275',3),(2,'Marzahn','2026-02-16 09:47:37.138331','2026-02-16 09:47:37.138341',3),(3,'Pankow','2026-02-16 09:47:37.139746','2026-02-16 09:47:37.139752',3),(4,'Mitte','2026-02-16 09:47:37.141047','2026-02-16 09:47:37.141051',3),(5,'Tempelhof-Schöneberg','2026-02-16 09:47:37.142225','2026-02-16 09:47:37.142229',3),(6,'Charlottenburg','2026-02-16 09:47:37.143164','2026-02-16 09:47:37.143168',3),(7,'Neukölln','2026-02-16 09:47:37.144043','2026-02-16 09:47:37.144047',3),(8,'Steglitz-Zehlendorf','2026-02-16 09:47:37.144911','2026-02-16 09:47:37.144915',3),(9,'Lichtenberg','2026-02-16 09:47:37.145781','2026-02-16 09:47:37.145785',3),(10,'Friedrichshain-Kreuzberg','2026-02-16 09:47:37.146914','2026-02-16 09:47:37.146918',3),(11,'Treptow-Köpenick','2026-02-16 09:47:37.147806','2026-02-16 09:47:37.147810',3),(12,'Reinickendorf','2026-02-16 09:47:37.148675','2026-02-16 09:47:37.148679',3),(13,'Hamburg-Mitte','2026-02-16 09:47:37.149869','2026-02-16 09:47:37.149873',6),(14,'Altona','2026-02-16 09:47:37.150663','2026-02-16 09:47:37.150667',6),(15,'Eimsbüttel','2026-02-16 09:47:37.151475','2026-02-16 09:47:37.151482',6),(16,'Hamburg-Nord','2026-02-16 09:47:37.152311','2026-02-16 09:47:37.152315',6),(17,'Wandsbek','2026-02-16 09:47:37.153056','2026-02-16 09:47:37.153060',6),(18,'Bergedorf','2026-02-16 09:47:37.153757','2026-02-16 09:47:37.153761',6),(19,'Harburg','2026-02-16 09:47:37.154499','2026-02-16 09:47:37.154503',6),(20,'Altstadt-Lehel','2026-02-16 09:47:37.155482','2026-02-16 09:47:37.155486',2),(21,'Ludwigsvorstadt-Isarvorstadt','2026-02-16 09:47:37.156187','2026-02-16 09:47:37.156191',2),(22,'Maxvorstadt','2026-02-16 09:47:37.156889','2026-02-16 09:47:37.156893',2),(23,'Schwabing-West','2026-02-16 09:47:37.157589','2026-02-16 09:47:37.157592',2),(24,'Au-Haidhausen','2026-02-16 09:47:37.158287','2026-02-16 09:47:37.158291',2),(25,'Sendling','2026-02-16 09:47:37.158944','2026-02-16 09:47:37.158947',2),(26,'Sendling-Westpark','2026-02-16 09:47:37.159694','2026-02-16 09:47:37.159698',2),(27,'Schwanthalerhöhe','2026-02-16 09:47:37.160430','2026-02-16 09:47:37.160433',2),(28,'Neuhausen-Nymphenburg','2026-02-16 09:47:37.161142','2026-02-16 09:47:37.161149',2),(29,'Moosach','2026-02-16 09:47:37.161881','2026-02-16 09:47:37.161886',2),(30,'Milbertshofen-Am Hart','2026-02-16 09:47:37.162544','2026-02-16 09:47:37.162548',2),(31,'Schwabing-Freimann','2026-02-16 09:47:37.163169','2026-02-16 09:47:37.163173',2),(32,'Bogenhausen','2026-02-16 09:47:37.163783','2026-02-16 09:47:37.163786',2),(33,'Berg am Laim','2026-02-16 09:47:37.164589','2026-02-16 09:47:37.164592',2),(34,'Trudering-Riem','2026-02-16 09:47:37.165200','2026-02-16 09:47:37.165203',2),(35,'Ramersdorf-Perlach','2026-02-16 09:47:37.165804','2026-02-16 09:47:37.165807',2),(36,'Obergiesing-Fasangarten','2026-02-16 09:47:37.166482','2026-02-16 09:47:37.166486',2),(37,'Untergiesing-Harlaching','2026-02-16 09:47:37.167055','2026-02-16 09:47:37.167059',2),(38,'Thalkirchen-Obersendling-Forstenried-Fürstenried-Solln','2026-02-16 09:47:37.167606','2026-02-16 09:47:37.167610',2),(39,'Hadern','2026-02-16 09:47:37.168217','2026-02-16 09:47:37.168221',2),(40,'Pasing-Obermenzing','2026-02-16 09:47:37.168760','2026-02-16 09:47:37.168764',2),(41,'Aubing-Lochhausen-Langwied','2026-02-16 09:47:37.169283','2026-02-16 09:47:37.169287',2),(42,'Allach-Untermenzing','2026-02-16 09:47:37.169799','2026-02-16 09:47:37.169802',2),(43,'Feldmoching-Hasenbergl','2026-02-16 09:47:37.170314','2026-02-16 09:47:37.170318',2),(44,'Laim','2026-02-16 09:47:37.170828','2026-02-16 09:47:37.170832',2),(45,'Stuttgart-Mitte','2026-02-16 09:47:37.171551','2026-02-16 09:47:37.171555',1),(46,'Stuttgart-Nord','2026-02-16 09:47:37.172051','2026-02-16 09:47:37.172055',1),(47,'Stuttgart-Ost','2026-02-16 09:47:37.172549','2026-02-16 09:47:37.172552',1),(48,'Stuttgart-Süd','2026-02-16 09:47:37.173062','2026-02-16 09:47:37.173066',1),(49,'Bad Cannstatt','2026-02-16 09:47:37.173581','2026-02-16 09:47:37.173585',1),(50,'Birkach','2026-02-16 09:47:37.174146','2026-02-16 09:47:37.174149',1),(51,'Botnang','2026-02-16 09:47:37.174638','2026-02-16 09:47:37.174642',1),(52,'Degerloch','2026-02-16 09:47:37.175122','2026-02-16 09:47:37.175126',1),(53,'Feuerbach','2026-02-16 09:47:37.175618','2026-02-16 09:47:37.175621',1),(54,'Hedelfingen','2026-02-16 09:47:37.176113','2026-02-16 09:47:37.176117',1),(55,'Möhringen','2026-02-16 09:47:37.176610','2026-02-16 09:47:37.176613',1),(56,'Mühlhausen','2026-02-16 09:47:37.177279','2026-02-16 09:47:37.177282',1),(57,'Münster','2026-02-16 09:47:37.177758','2026-02-16 09:47:37.177761',1),(58,'Obertürkheim','2026-02-16 09:47:37.178220','2026-02-16 09:47:37.178224',1),(59,'Plieningen','2026-02-16 09:47:37.178694','2026-02-16 09:47:37.178699',1),(60,'Sillenbuch','2026-02-16 09:47:37.179156','2026-02-16 09:47:37.179160',1),(61,'Stammheim','2026-02-16 09:47:37.179609','2026-02-16 09:47:37.179614',1),(62,'Untertürkheim','2026-02-16 09:47:37.180160','2026-02-16 09:47:37.180165',1),(63,'Vaihingen','2026-02-16 09:47:37.180667','2026-02-16 09:47:37.180671',1),(64,'Wangen','2026-02-16 09:47:37.181128','2026-02-16 09:47:37.181133',1),(65,'Weilimdorf','2026-02-16 09:47:37.181582','2026-02-16 09:47:37.181587',1),(66,'Zuffenhausen','2026-02-16 09:47:37.182064','2026-02-16 09:47:37.182067',1);
/*!40000 ALTER TABLE `districts` ENABLE KEYS */;
UNLOCK TABLES;

--
-- Table structure for table `django_admin_log`
--

DROP TABLE IF EXISTS `django_admin_log`;
/*!40101 SET @saved_cs_client     = @@character_set_client */;
/*!50503 SET character_set_client = utf8mb4 */;
CREATE TABLE `django_admin_log` (
  `id` int NOT NULL AUTO_INCREMENT,
  `action_time` datetime(6) NOT NULL,
  `object_id` longtext,
  `object_repr` varchar(200) NOT NULL,
  `action_flag` smallint unsigned NOT NULL,
  `change_message` longtext NOT NULL,
  `content_type_id` int DEFAULT NULL,
  `user_id` char(32) NOT NULL,
  PRIMARY KEY (`id`),
  KEY `django_admin_log_content_type_id_c4bce8eb_fk_django_co` (`content_type_id`),
  KEY `django_admin_log_user_id_c564eba6_fk_users_id` (`user_id`),
  CONSTRAINT `django_admin_log_content_type_id_c4bce8eb_fk_django_co` FOREIGN KEY (`content_type_id`) REFERENCES `django_content_type` (`id`),
  CONSTRAINT `django_admin_log_user_id_c564eba6_fk_users_id` FOREIGN KEY (`user_id`) REFERENCES `users` (`id`),
  CONSTRAINT `django_admin_log_chk_1` CHECK ((`action_flag` >= 0))
) ENGINE=InnoDB DEFAULT CHARSET=utf8mb4 COLLATE=utf8mb4_0900_ai_ci;
/*!40101 SET character_set_client = @saved_cs_client */;

--
-- Dumping data for table `django_admin_log`
--

LOCK TABLES `django_admin_log` WRITE;
/*!40000 ALTER TABLE `django_admin_log` DISABLE KEYS */;
/*!40000 ALTER TABLE `django_admin_log` ENABLE KEYS */;
UNLOCK TABLES;

--
-- Table structure for table `django_content_type`
--

DROP TABLE IF EXISTS `django_content_type`;
/*!40101 SET @saved_cs_client     = @@character_set_client */;
/*!50503 SET character_set_client = utf8mb4 */;
CREATE TABLE `django_content_type` (
  `id` int NOT NULL AUTO_INCREMENT,
  `app_label` varchar(100) NOT NULL,
  `model` varchar(100) NOT NULL,
  PRIMARY KEY (`id`),
  UNIQUE KEY `django_content_type_app_label_model_76bd3d3b_uniq` (`app_label`,`model`)
) ENGINE=InnoDB AUTO_INCREMENT=27 DEFAULT CHARSET=utf8mb4 COLLATE=utf8mb4_0900_ai_ci;
/*!40101 SET character_set_client = @saved_cs_client */;

--
-- Dumping data for table `django_content_type`
--

LOCK TABLES `django_content_type` WRITE;
/*!40000 ALTER TABLE `django_content_type` DISABLE KEYS */;
INSERT INTO `django_content_type` VALUES (1,'admin','logentry'),(3,'auth','group'),(2,'auth','permission'),(4,'contenttypes','contenttype'),(5,'sessions','session'),(13,'users','activitylog'),(6,'users','address'),(14,'users','city'),(20,'users','comment'),(7,'users','contactmessage'),(8,'users','country'),(15,'users','district'),(16,'users','exchange'),(25,'users','exchangedocument'),(17,'users','exchangenegotiation'),(18,'users','exchangerequest'),(9,'users','language'),(19,'users','rating'),(10,'users','skill'),(11,'users','skillcategory'),(24,'users','skillverification'),(21,'users','socialmedialink'),(22,'users','systemlog'),(12,'users','user'),(26,'users','userblocklist'),(23,'users','userskill');
/*!40000 ALTER TABLE `django_content_type` ENABLE KEYS */;
UNLOCK TABLES;

--
-- Table structure for table `django_migrations`
--

DROP TABLE IF EXISTS `django_migrations`;
/*!40101 SET @saved_cs_client     = @@character_set_client */;
/*!50503 SET character_set_client = utf8mb4 */;
CREATE TABLE `django_migrations` (
  `id` bigint NOT NULL AUTO_INCREMENT,
  `app` varchar(255) NOT NULL,
  `name` varchar(255) NOT NULL,
  `applied` datetime(6) NOT NULL,
  PRIMARY KEY (`id`)
) ENGINE=InnoDB AUTO_INCREMENT=20 DEFAULT CHARSET=utf8mb4 COLLATE=utf8mb4_0900_ai_ci;
/*!40101 SET character_set_client = @saved_cs_client */;

--
-- Dumping data for table `django_migrations`
--

LOCK TABLES `django_migrations` WRITE;
/*!40000 ALTER TABLE `django_migrations` DISABLE KEYS */;
INSERT INTO `django_migrations` VALUES (1,'contenttypes','0001_initial','2026-02-16 09:46:48.827127'),(2,'contenttypes','0002_remove_content_type_name','2026-02-16 09:46:48.845672'),(3,'auth','0001_initial','2026-02-16 09:46:48.894571'),(4,'auth','0002_alter_permission_name_max_length','2026-02-16 09:46:48.902269'),(5,'auth','0003_alter_user_email_max_length','2026-02-16 09:46:48.903881'),(6,'auth','0004_alter_user_username_opts','2026-02-16 09:46:48.905006'),(7,'auth','0005_alter_user_last_login_null','2026-02-16 09:46:48.906021'),(8,'auth','0006_require_contenttypes_0002','2026-02-16 09:46:48.906294'),(9,'auth','0007_alter_validators_add_error_messages','2026-02-16 09:46:48.907553'),(10,'auth','0008_alter_user_username_max_length','2026-02-16 09:46:48.908727'),(11,'auth','0009_alter_user_last_name_max_length','2026-02-16 09:46:48.909809'),(12,'auth','0010_alter_group_name_max_length','2026-02-16 09:46:48.914549'),(13,'auth','0011_update_proxy_permissions','2026-02-16 09:46:48.915974'),(14,'auth','0012_alter_user_first_name_max_length','2026-02-16 09:46:48.916916'),(15,'users','0001_initial','2026-02-16 09:46:49.596767'),(16,'admin','0001_initial','2026-02-16 09:46:49.642227'),(17,'admin','0002_logentry_remove_auto_add','2026-02-16 09:46:49.653023'),(18,'admin','0003_logentry_add_action_flag_choices','2026-02-16 09:46:49.661745'),(19,'sessions','0001_initial','2026-02-16 09:46:49.668232');
/*!40000 ALTER TABLE `django_migrations` ENABLE KEYS */;
UNLOCK TABLES;

--
-- Table structure for table `django_session`
--

DROP TABLE IF EXISTS `django_session`;
/*!40101 SET @saved_cs_client     = @@character_set_client */;
/*!50503 SET character_set_client = utf8mb4 */;
CREATE TABLE `django_session` (
  `session_key` varchar(40) NOT NULL,
  `session_data` longtext NOT NULL,
  `expire_date` datetime(6) NOT NULL,
  PRIMARY KEY (`session_key`),
  KEY `django_session_expire_date_a5c62663` (`expire_date`)
) ENGINE=InnoDB DEFAULT CHARSET=utf8mb4 COLLATE=utf8mb4_0900_ai_ci;
/*!40101 SET character_set_client = @saved_cs_client */;

--
-- Dumping data for table `django_session`
--

LOCK TABLES `django_session` WRITE;
/*!40000 ALTER TABLE `django_session` DISABLE KEYS */;
/*!40000 ALTER TABLE `django_session` ENABLE KEYS */;
UNLOCK TABLES;

--
-- Table structure for table `exchange_documents`
--

DROP TABLE IF EXISTS `exchange_documents`;
/*!40101 SET @saved_cs_client     = @@character_set_client */;
/*!50503 SET character_set_client = utf8mb4 */;
CREATE TABLE `exchange_documents` (
  `id` bigint NOT NULL AUTO_INCREMENT,
  `document_type` varchar(20) NOT NULL,
  `file` varchar(100) NOT NULL,
  `generated_at` datetime(6) NOT NULL,
  `is_final` tinyint(1) NOT NULL,
  `exchange_id` bigint NOT NULL,
  `generated_by_id` char(32) DEFAULT NULL,
  PRIMARY KEY (`id`),
  UNIQUE KEY `exchange_documents_exchange_id_document_type_03cf4400_uniq` (`exchange_id`,`document_type`),
  KEY `exchange_documents_generated_by_id_fcdd4b5d_fk_users_id` (`generated_by_id`),
  CONSTRAINT `exchange_documents_exchange_id_6d94c551_fk_exchanges_id` FOREIGN KEY (`exchange_id`) REFERENCES `exchanges` (`id`),
  CONSTRAINT `exchange_documents_generated_by_id_fcdd4b5d_fk_users_id` FOREIGN KEY (`generated_by_id`) REFERENCES `users` (`id`)
) ENGINE=InnoDB DEFAULT CHARSET=utf8mb4 COLLATE=utf8mb4_0900_ai_ci;
/*!40101 SET character_set_client = @saved_cs_client */;

--
-- Dumping data for table `exchange_documents`
--

LOCK TABLES `exchange_documents` WRITE;
/*!40000 ALTER TABLE `exchange_documents` DISABLE KEYS */;
/*!40000 ALTER TABLE `exchange_documents` ENABLE KEYS */;
UNLOCK TABLES;

--
-- Table structure for table `exchange_negotiation`
--

DROP TABLE IF EXISTS `exchange_negotiation`;
/*!40101 SET @saved_cs_client     = @@character_set_client */;
/*!50503 SET character_set_client = utf8mb4 */;
CREATE TABLE `exchange_negotiation` (
  `id` bigint NOT NULL AUTO_INCREMENT,
  `proposed_scheduled_at` datetime(6) DEFAULT NULL,
  `proposed_location_type` varchar(20) NOT NULL,
  `proposed_meeting_address` longtext,
  `message` longtext,
  `status` varchar(20) NOT NULL,
  `is_seen_by_recipient` tinyint(1) NOT NULL,
  `created_at` datetime(6) NOT NULL,
  `updated_at` datetime(6) NOT NULL,
  `exchange_id` bigint NOT NULL,
  `proposer_id` char(32) NOT NULL,
  PRIMARY KEY (`id`),
  KEY `exchange_negotiation_exchange_id_dfde4641_fk_exchanges_id` (`exchange_id`),
  KEY `exchange_negotiation_proposer_id_48a9a79b_fk_users_id` (`proposer_id`),
  CONSTRAINT `exchange_negotiation_exchange_id_dfde4641_fk_exchanges_id` FOREIGN KEY (`exchange_id`) REFERENCES `exchanges` (`id`),
  CONSTRAINT `exchange_negotiation_proposer_id_48a9a79b_fk_users_id` FOREIGN KEY (`proposer_id`) REFERENCES `users` (`id`)
) ENGINE=InnoDB DEFAULT CHARSET=utf8mb4 COLLATE=utf8mb4_0900_ai_ci;
/*!40101 SET character_set_client = @saved_cs_client */;

--
-- Dumping data for table `exchange_negotiation`
--

LOCK TABLES `exchange_negotiation` WRITE;
/*!40000 ALTER TABLE `exchange_negotiation` DISABLE KEYS */;
/*!40000 ALTER TABLE `exchange_negotiation` ENABLE KEYS */;
UNLOCK TABLES;

--
-- Table structure for table `exchange_requests`
--

DROP TABLE IF EXISTS `exchange_requests`;
/*!40101 SET @saved_cs_client     = @@character_set_client */;
/*!50503 SET character_set_client = utf8mb4 */;
CREATE TABLE `exchange_requests` (
  `id` bigint NOT NULL AUTO_INCREMENT,
  `uuid` char(32) NOT NULL,
  `description` longtext,
  `title` varchar(200) NOT NULL,
  `status` varchar(20) NOT NULL,
  `urgency_level` varchar(20) NOT NULL,
  `preferred_time_range` varchar(30) DEFAULT NULL,
  `max_distance_km` int DEFAULT NULL,
  `estimated_duration_minutes` int DEFAULT NULL,
  `expires_at` datetime(6) DEFAULT NULL,
  `preferred_days` json DEFAULT NULL,
  `view_count` int unsigned NOT NULL,
  `created_at` datetime(6) NOT NULL,
  `updated_at` datetime(6) NOT NULL,
  `requester_id` char(32) NOT NULL,
  `requested_skill_id` bigint NOT NULL,
  `offered_skill_id` bigint NOT NULL,
  PRIMARY KEY (`id`),
  UNIQUE KEY `uuid` (`uuid`),
  KEY `exchange_requests_offered_skill_id_17017768_fk_user_skills_id` (`offered_skill_id`),
  KEY `exchange_requests_requester_id_993e4209_fk_users_id` (`requester_id`),
  KEY `exchange_requests_requested_skill_id_2d62bd1f_fk_skills_id` (`requested_skill_id`),
  CONSTRAINT `exchange_requests_offered_skill_id_17017768_fk_user_skills_id` FOREIGN KEY (`offered_skill_id`) REFERENCES `user_skills` (`id`),
  CONSTRAINT `exchange_requests_requested_skill_id_2d62bd1f_fk_skills_id` FOREIGN KEY (`requested_skill_id`) REFERENCES `skills` (`id`),
  CONSTRAINT `exchange_requests_requester_id_993e4209_fk_users_id` FOREIGN KEY (`requester_id`) REFERENCES `users` (`id`),
  CONSTRAINT `exchange_requests_chk_1` CHECK ((`view_count` >= 0))
) ENGINE=InnoDB AUTO_INCREMENT=34 DEFAULT CHARSET=utf8mb4 COLLATE=utf8mb4_0900_ai_ci;
/*!40101 SET character_set_client = @saved_cs_client */;

--
-- Dumping data for table `exchange_requests`
--

LOCK TABLES `exchange_requests` WRITE;
/*!40000 ALTER TABLE `exchange_requests` DISABLE KEYS */;
INSERT INTO `exchange_requests` VALUES (1,'3d6c16f231024f719f389bdbba06dece','Hey I am elyas salihe , i can figma and UI/UX design but now searching for someone for django','I want to someone for Django framwork','available','medium','nachmittage',20,3000,'2026-02-20 00:00:00.000000','[\"saturday\", \"sunday\"]',0,'2026-02-16 10:48:22.445292','2026-02-16 10:48:22.445302','db00b8ffa4e34005a62abf2f1fbe26a5',4,1),(2,'c53f05557b36499f9268f128868e9760','kjlj','lkjlj','available','medium','vormittage',10,888,'2026-02-20 00:00:00.000000','[\"friday\", \"saturday\", \"sunday\"]',0,'2026-02-16 10:56:28.960639','2026-02-16 10:56:28.960663','dee648880bee4b48a3693c5ff8647ec2',12,2),(3,'f64fcb41b13d4dd48c2e68c8fc218da7','Wiese nie ins.','Suche Hilfe bei zwei','available','normal',NULL,10,NULL,NULL,'[]',0,'2026-02-16 13:18:11.086792','2026-02-16 13:18:11.086797','611fb647d62d44d4a69ebcedd717eedc',76,3),(4,'64ec8489c33e4e53b52ac8a83b0c9ecb','Dir andere Kopf Auge kommen schlecht Stein.','Suche Hilfe bei halten','available','normal',NULL,10,NULL,NULL,'[]',0,'2026-02-16 13:18:11.187965','2026-02-16 13:18:11.187969','69c8a0b85f814238b302873f595a29b5',54,4),(5,'bf303655cc124a86b0ac961d78381ac7','Groß drehen rufen steigen nie schwimmen Sonne.','Suche Hilfe bei oben','available','normal',NULL,10,NULL,NULL,'[]',0,'2026-02-16 13:18:11.287045','2026-02-16 13:18:11.287049','2d137a5a818c4273a8aa096935ea6a13',78,5),(6,'984053d1ec9c478c8efcca552aa1add1','Wie Berg Auge jeder Auge.','Suche Hilfe bei Welt','available','normal',NULL,10,NULL,NULL,'[]',0,'2026-02-16 13:18:11.386034','2026-02-16 13:18:11.386038','eb9def8e0a32449d8f49241ac3b79da9',1,6),(7,'f8036e182cea4261a92f5372f04258e6','Ging müde mich Winter.','Suche Hilfe bei beim','available','normal',NULL,10,NULL,NULL,'[]',0,'2026-02-16 13:18:11.484326','2026-02-16 13:18:11.484329','c253f5944b514f529c380e36bfca33f1',45,7),(8,'d6b71d71d9134c5eab0414d4af7940c8','Zur dürfen gut Weihnachten dauern endlich ins.','Suche Hilfe bei ganz','available','normal',NULL,10,NULL,NULL,'[]',0,'2026-02-16 13:18:11.582182','2026-02-16 13:18:11.582187','db720654c06748f1951aa929ae22b33f',39,8),(9,'d7393fb2345e4b2da1d311d94caafd80','Sehen Luft reich halbe laufen.','Suche Hilfe bei oder','available','normal',NULL,10,NULL,NULL,'[]',0,'2026-02-16 13:18:11.681546','2026-02-16 13:18:11.681550','14e608101a3c43c9a26905ce0c7e5012',79,9),(10,'bfad03e0ae444c5ca2e98005acd8b154','Zurück Licht unser Tür Tier.','Suche Hilfe bei Schuh','available','normal',NULL,10,NULL,NULL,'[]',0,'2026-02-16 13:18:11.780680','2026-02-16 13:18:11.780683','076ad6f644504979bfe8794217967cb1',61,10),(11,'1944200405d249f5956cad596e58c598','Dunkel Lehrerin Baum plötzlich Feuer wenn.','Suche Hilfe bei gut','available','normal',NULL,10,NULL,NULL,'[]',0,'2026-02-16 13:18:11.879537','2026-02-16 13:18:11.879540','ec0f44cf181147a1b4f7fe4577d57932',27,11),(12,'48ebe3d3e21e4f98937350176676e5e6','Jahr Fußball tief Hase selbst Tante.','Suche Hilfe bei schwimmen','available','normal',NULL,10,NULL,NULL,'[]',0,'2026-02-16 13:18:11.978020','2026-02-16 13:18:11.978023','c72e033cca9245968845ad3ffadd5c8b',10,12),(13,'e41facc54b274356b40d6672a58d1cb0','Stelle gestern brauchen Auge.','Suche Hilfe bei Schluss','available','normal',NULL,10,NULL,NULL,'[]',0,'2026-02-16 13:18:12.076163','2026-02-16 13:18:12.076166','8a65b73522684317861cb74761e4aa9d',21,13),(14,'a224d41f537a4be5849b4377c6223b1b','Geburtstag schlagen richtig Teller Herr bleiben.','Suche Hilfe bei verlieren','available','normal',NULL,10,NULL,NULL,'[]',0,'2026-02-16 13:18:12.175705','2026-02-16 13:18:12.175710','f925d9d9b4ae40308f838552f5bffdb0',46,14),(15,'a4e4c5df1617494f9ad50bdf6f09bdc5','Spiel schaffen schaffen wie böse Papa andere.','Suche Hilfe bei glücklich','available','normal',NULL,10,NULL,NULL,'[]',0,'2026-02-16 13:18:12.277289','2026-02-16 13:18:12.277294','b90dac0c74974d1c95c615fbcc9f412e',33,15),(16,'bcaf0bfeb03145f383b4057243130399','Halbe die wieder baden oder Monate.','Suche Hilfe bei sechs','available','normal',NULL,10,NULL,NULL,'[]',0,'2026-02-16 13:18:12.378484','2026-02-16 13:18:12.378488','8a34b23b08614b71ab4dc7ca25e8455a',34,16),(17,'4c25b2d88fca4eabaa4d5c209607c3ba','Arbeiten der Stein wo über.','Suche Hilfe bei müde','available','normal',NULL,10,NULL,NULL,'[]',0,'2026-02-16 13:18:12.479819','2026-02-16 13:18:12.479822','b1267b83510e405cb77c45e565726e18',59,17),(18,'d9bf92e4af934759bc20a5b120e47db2','Hören Winter zurück rennen baden Milch schlecht.','Suche Hilfe bei Auto','available','normal',NULL,10,NULL,NULL,'[]',0,'2026-02-16 13:18:12.579487','2026-02-16 13:18:12.579491','9d905e9e32e049748db69a906658c963',83,18),(19,'722b08996c904136bb3f9fd939436b2a','Wagen Glück Sommer drehen.','Suche Hilfe bei werfen','available','normal',NULL,10,NULL,NULL,'[]',0,'2026-02-16 13:18:12.680381','2026-02-16 13:18:12.680384','52ccb36f50814918a9e21694f1c55fc3',34,19),(20,'c9a25aa15e3c46bbaefca4d0e0422059','Hund rund Meer hart.','Suche Hilfe bei Flasche','available','normal',NULL,10,NULL,NULL,'[]',0,'2026-02-16 13:18:12.777209','2026-02-16 13:18:12.777213','a0f97b57ff11462c9b627ab0b1593c0f',34,20),(21,'460d353148e34c6698e96e096a413c0f','Dürfen Erde setzen steigen.','Suche Hilfe bei liegen','available','normal',NULL,10,NULL,NULL,'[]',0,'2026-02-16 13:18:12.876580','2026-02-16 13:18:12.876583','d292d54d0ea8489fada27da3e9bfec8a',50,21),(22,'0da178a4969b4a918260a0dd609f6204','Bin Bett Freund darauf wollen Küche heraus.','Suche Hilfe bei davon','available','normal',NULL,10,NULL,NULL,'[]',0,'2026-02-16 13:18:12.976375','2026-02-16 13:18:12.976378','4bc0c1e565dc4ad1a12b5686fd377b4f',74,22),(23,'d8705652ef6f441482e688e9816065db','Schiff heißen klein Stelle.','Suche Hilfe bei Stein','available','normal',NULL,10,NULL,NULL,'[]',0,'2026-02-16 13:18:13.075938','2026-02-16 13:18:13.075941','af9d2149696248699f38891ff1a65392',13,23),(24,'e5661517dce94fdfb07def3927cc8cc6','Essen schwer darauf sind.','Suche Hilfe bei fragen','available','normal',NULL,10,NULL,NULL,'[]',0,'2026-02-16 13:18:13.175394','2026-02-16 13:18:13.175397','c52da043854349a785dc2c86453fb028',85,24),(25,'b640ab2308744f76857ec793bd300dd1','Nehmen heiß ihr.','Suche Hilfe bei Onkel','available','normal',NULL,10,NULL,NULL,'[]',0,'2026-02-16 13:18:13.276380','2026-02-16 13:18:13.276383','a1a52e57686c4f5989fc5d33ef2472e7',46,25),(26,'264470c871b8494f98e93373bb5f31fb','Denken Monat müde blau.','Suche Hilfe bei lachen','available','normal',NULL,10,NULL,NULL,'[]',0,'2026-02-16 13:18:13.375870','2026-02-16 13:18:13.375873','d7ba4fad98974154b051dac86e29881c',31,26),(27,'e0cd64cd863141278e6193f59f9c265e','Nämlich Frage Schule mal baden lachen schicken.','Suche Hilfe bei glauben','available','normal',NULL,10,NULL,NULL,'[]',0,'2026-02-16 13:18:13.475996','2026-02-16 13:18:13.476000','ca9869808d904bda9632ff3a353f3876',63,27),(28,'9df9d0c66ede4cfabd693e516d651f51','Bringen und holen.','Suche Hilfe bei nun','available','normal',NULL,10,NULL,NULL,'[]',0,'2026-02-16 13:18:13.575078','2026-02-16 13:18:13.575081','11dceda831d841e3ad5b07880a39490f',23,28),(29,'86ec3d23cb0749cb9824c15fc623e3b9','Rechnen oft Vater Stelle tun Glück.','Suche Hilfe bei nämlich','available','normal',NULL,10,NULL,NULL,'[]',0,'2026-02-16 13:18:13.676799','2026-02-16 13:18:13.676803','06b870d6ec0144078e59356ce1f1e7c9',5,29),(30,'844a1230ca2d48438b7ff7030fa87e9d','Wenig um lachen vom Tisch.','Suche Hilfe bei Ball','available','normal',NULL,10,NULL,NULL,'[]',0,'2026-02-16 13:18:13.778318','2026-02-16 13:18:13.778322','3e85749d2c934d51b09668fd405a47a3',41,30),(31,'6dbccd4b1e304195b6f6a5a31dea201b','Auto seit zwei nie Wissen blau sechs.','Suche Hilfe bei ohne','available','normal',NULL,10,NULL,NULL,'[]',0,'2026-02-16 13:18:13.880500','2026-02-16 13:18:13.880503','f57403866b9f4221bf17f43e360d50c7',1,31),(32,'802c07dae13f4a5f9af5a256d10bf1e5','Fuß was als Name brauchen.','Suche Hilfe bei drei','available','normal',NULL,10,NULL,NULL,'[]',0,'2026-02-16 13:18:13.982099','2026-02-16 13:18:13.982102','be50d67c483142c8b79bf73f175cf793',21,32),(33,'d26caec25fe04a67afbc2189100504b0','I want someone to help me with swift','I want someone to help me with swift','available','low','morgen',33,32,NULL,'[\"thursday\", \"friday\"]',0,'2026-02-16 13:36:08.386691','2026-02-16 13:36:08.386730','dee648880bee4b48a3693c5ff8647ec2',7,33);
/*!40000 ALTER TABLE `exchange_requests` ENABLE KEYS */;
UNLOCK TABLES;

--
-- Table structure for table `exchanges`
--

DROP TABLE IF EXISTS `exchanges`;
/*!40101 SET @saved_cs_client     = @@character_set_client */;
/*!50503 SET character_set_client = utf8mb4 */;
CREATE TABLE `exchanges` (
  `id` bigint NOT NULL AUTO_INCREMENT,
  `uuid` char(32) NOT NULL,
  `status` varchar(20) NOT NULL,
  `is_seen_by_receiver` tinyint(1) NOT NULL,
  `scheduled_at` datetime(6) DEFAULT NULL,
  `location_type` varchar(20) NOT NULL,
  `meeting_address` longtext NOT NULL,
  `description` longtext,
  `actual_duration_minutes` int DEFAULT NULL,
  `final_agreement_reached` tinyint(1) NOT NULL,
  `completed_at` datetime(6) DEFAULT NULL,
  `done_by_x` tinyint(1) NOT NULL,
  `done_by_y` tinyint(1) NOT NULL,
  `completed_at_x` datetime(6) DEFAULT NULL,
  `completed_at_y` datetime(6) DEFAULT NULL,
  `duration_minutes_x` int DEFAULT NULL,
  `duration_minutes_y` int DEFAULT NULL,
  `cancellation_reason` longtext,
  `created_at` datetime(6) NOT NULL,
  `updated_at` datetime(6) NOT NULL,
  `initiated_by_id` char(32) DEFAULT NULL,
  `user_x_id` char(32) NOT NULL,
  `user_y_id` char(32) NOT NULL,
  `exchange_request_id` bigint DEFAULT NULL,
  `skill_from_x_to_y_id` bigint NOT NULL,
  `skill_from_y_to_x_id` bigint NOT NULL,
  PRIMARY KEY (`id`),
  UNIQUE KEY `uuid` (`uuid`),
  UNIQUE KEY `exchanges_exchange_request_id_init_140a437a_uniq` (`exchange_request_id`,`initiated_by_id`,`status`),
  KEY `exchanges_skill_from_x_to_y_id_b9ce0865_fk_skills_id` (`skill_from_x_to_y_id`),
  KEY `exchanges_skill_from_y_to_x_id_b24aa7b1_fk_skills_id` (`skill_from_y_to_x_id`),
  KEY `exchanges_initiated_by_id_623875b9_fk_users_id` (`initiated_by_id`),
  KEY `exchanges_user_x_id_62ca1a87_fk_users_id` (`user_x_id`),
  KEY `exchanges_user_y_id_1c1c4da5_fk_users_id` (`user_y_id`),
  CONSTRAINT `exchanges_exchange_request_id_1ffee9b6_fk_exchange_requests_id` FOREIGN KEY (`exchange_request_id`) REFERENCES `exchange_requests` (`id`),
  CONSTRAINT `exchanges_initiated_by_id_623875b9_fk_users_id` FOREIGN KEY (`initiated_by_id`) REFERENCES `users` (`id`),
  CONSTRAINT `exchanges_skill_from_x_to_y_id_b9ce0865_fk_skills_id` FOREIGN KEY (`skill_from_x_to_y_id`) REFERENCES `skills` (`id`),
  CONSTRAINT `exchanges_skill_from_y_to_x_id_b24aa7b1_fk_skills_id` FOREIGN KEY (`skill_from_y_to_x_id`) REFERENCES `skills` (`id`),
  CONSTRAINT `exchanges_user_x_id_62ca1a87_fk_users_id` FOREIGN KEY (`user_x_id`) REFERENCES `users` (`id`),
  CONSTRAINT `exchanges_user_y_id_1c1c4da5_fk_users_id` FOREIGN KEY (`user_y_id`) REFERENCES `users` (`id`)
) ENGINE=InnoDB AUTO_INCREMENT=22 DEFAULT CHARSET=utf8mb4 COLLATE=utf8mb4_0900_ai_ci;
/*!40101 SET character_set_client = @saved_cs_client */;

--
-- Dumping data for table `exchanges`
--

LOCK TABLES `exchanges` WRITE;
/*!40000 ALTER TABLE `exchanges` DISABLE KEYS */;
INSERT INTO `exchanges` VALUES (1,'ac20f8f150874f7c9f9617fad383700b','pending',1,NULL,'in_person','',NULL,NULL,0,NULL,0,0,NULL,NULL,NULL,NULL,NULL,'2026-02-16 12:35:07.953695','2026-02-16 12:35:07.953736','8f0198b562394c2aab43b1997937eb71','db00b8ffa4e34005a62abf2f1fbe26a5','8f0198b562394c2aab43b1997937eb71',1,12,4),(2,'889494f06b774ccf95e85c9eff93047e','completed',1,NULL,'in_person','',NULL,NULL,0,NULL,0,0,NULL,NULL,NULL,NULL,NULL,'2026-02-16 13:18:13.985065','2026-02-16 13:18:13.985069',NULL,'52ccb36f50814918a9e21694f1c55fc3','dee648880bee4b48a3693c5ff8647ec2',NULL,70,40),(3,'b5a73309ea6d462ea8df129b2e84338b','completed',1,NULL,'in_person','',NULL,NULL,0,NULL,0,0,NULL,NULL,NULL,NULL,NULL,'2026-02-16 13:18:13.986987','2026-02-16 13:18:13.986990',NULL,'c253f5944b514f529c380e36bfca33f1','dee648880bee4b48a3693c5ff8647ec2',NULL,43,56),(4,'9608cb8f94d24a5cbcc1e718fa910b70','completed',0,NULL,'in_person','',NULL,NULL,0,NULL,0,0,NULL,NULL,NULL,NULL,NULL,'2026-02-16 13:18:13.988357','2026-02-16 13:18:13.988360',NULL,'af9d2149696248699f38891ff1a65392','2d137a5a818c4273a8aa096935ea6a13',NULL,84,26),(5,'92a620878c03450f80f06da42d2f6378','completed',0,NULL,'in_person','',NULL,NULL,0,NULL,0,0,NULL,NULL,NULL,NULL,NULL,'2026-02-16 13:18:13.989687','2026-02-16 13:18:13.989690',NULL,'2d137a5a818c4273a8aa096935ea6a13','9d905e9e32e049748db69a906658c963',NULL,5,54),(6,'0e97f4e994844a88ad970940c5d34915','completed',0,NULL,'in_person','',NULL,NULL,0,NULL,0,0,NULL,NULL,NULL,NULL,NULL,'2026-02-16 13:18:13.990728','2026-02-16 13:18:13.990731',NULL,'8a65b73522684317861cb74761e4aa9d','f57403866b9f4221bf17f43e360d50c7',NULL,3,34),(7,'a6a26b0a77384096813dcc892cdb5c7c','completed',0,NULL,'in_person','',NULL,NULL,0,NULL,0,0,NULL,NULL,NULL,NULL,NULL,'2026-02-16 13:18:13.991717','2026-02-16 13:18:13.991721',NULL,'52ccb36f50814918a9e21694f1c55fc3','14e608101a3c43c9a26905ce0c7e5012',NULL,3,44),(8,'0929856f92ff46b4bf3f22c91733c66b','completed',0,NULL,'in_person','',NULL,NULL,0,NULL,0,0,NULL,NULL,NULL,NULL,NULL,'2026-02-16 13:18:13.993048','2026-02-16 13:18:13.993051',NULL,'eb9def8e0a32449d8f49241ac3b79da9','c3ccb4e0ea694acf8d45aa3303676167',NULL,56,5),(9,'e817acbd89df49ea93e0c6eaf7e4f701','completed',0,NULL,'in_person','',NULL,NULL,0,NULL,0,0,NULL,NULL,NULL,NULL,NULL,'2026-02-16 13:18:13.994490','2026-02-16 13:18:13.994495',NULL,'5453d21151804a9da49a93b9e2135809','3e85749d2c934d51b09668fd405a47a3',NULL,37,43),(10,'25095162120e4399b17b4861a338a342','completed',0,NULL,'in_person','',NULL,NULL,0,NULL,0,0,NULL,NULL,NULL,NULL,NULL,'2026-02-16 13:18:13.995688','2026-02-16 13:18:13.995693',NULL,'ec0f44cf181147a1b4f7fe4577d57932','db720654c06748f1951aa929ae22b33f',NULL,7,66),(11,'1ee1453522124310a9f8afb35d71d0cf','completed',0,NULL,'in_person','',NULL,NULL,0,NULL,0,0,NULL,NULL,NULL,NULL,NULL,'2026-02-16 13:18:13.996893','2026-02-16 13:18:13.996897',NULL,'076ad6f644504979bfe8794217967cb1','d7ba4fad98974154b051dac86e29881c',NULL,22,52),(12,'309c1a771d6c4d27808950c1773d2185','completed',0,NULL,'in_person','',NULL,NULL,0,NULL,0,0,NULL,NULL,NULL,NULL,NULL,'2026-02-16 13:18:13.998183','2026-02-16 13:18:13.998187',NULL,'11dceda831d841e3ad5b07880a39490f','f57403866b9f4221bf17f43e360d50c7',NULL,4,52),(13,'81dd9e1594944385acc86940418529f8','completed',0,NULL,'in_person','',NULL,NULL,0,NULL,0,0,NULL,NULL,NULL,NULL,NULL,'2026-02-16 13:18:13.999545','2026-02-16 13:18:13.999549',NULL,'9d905e9e32e049748db69a906658c963','076ad6f644504979bfe8794217967cb1',NULL,76,67),(14,'57bd6287190d463487abc64a1f253e1f','completed',0,NULL,'in_person','',NULL,NULL,0,NULL,0,0,NULL,NULL,NULL,NULL,NULL,'2026-02-16 13:18:14.000747','2026-02-16 13:18:14.000751',NULL,'5453d21151804a9da49a93b9e2135809','69c8a0b85f814238b302873f595a29b5',NULL,75,64),(15,'811ac27908cf420a8afa98d159e48c9a','completed',0,NULL,'in_person','',NULL,NULL,0,NULL,0,0,NULL,NULL,NULL,NULL,NULL,'2026-02-16 13:18:14.001770','2026-02-16 13:18:14.001774',NULL,'c72e033cca9245968845ad3ffadd5c8b','eb9def8e0a32449d8f49241ac3b79da9',NULL,26,62),(16,'aa9a4947a6484f3d8212e87a23767a6d','completed',0,NULL,'in_person','',NULL,NULL,0,NULL,0,0,NULL,NULL,NULL,NULL,NULL,'2026-02-16 13:18:14.002552','2026-02-16 13:18:14.002555',NULL,'b1267b83510e405cb77c45e565726e18','f7b1fcc90b894b39a0770fad90114e30',NULL,7,25),(17,'323f22e13c1248479c0535b58649724d','completed',0,NULL,'in_person','',NULL,NULL,0,NULL,0,0,NULL,NULL,NULL,NULL,NULL,'2026-02-16 13:18:14.003683','2026-02-16 13:18:14.003686',NULL,'611fb647d62d44d4a69ebcedd717eedc','69c8a0b85f814238b302873f595a29b5',NULL,25,1),(18,'1faddc7edee9449994f9ca947f74f267','completed',0,NULL,'in_person','',NULL,NULL,0,NULL,0,0,NULL,NULL,NULL,NULL,NULL,'2026-02-16 13:18:14.004690','2026-02-16 13:18:14.004693',NULL,'d7ba4fad98974154b051dac86e29881c','69c8a0b85f814238b302873f595a29b5',NULL,67,60),(19,'b2d08051a2984836be26a372e39a514e','completed',0,NULL,'in_person','',NULL,NULL,0,NULL,0,0,NULL,NULL,NULL,NULL,NULL,'2026-02-16 13:18:14.005640','2026-02-16 13:18:14.005642',NULL,'4bc0c1e565dc4ad1a12b5686fd377b4f','db720654c06748f1951aa929ae22b33f',NULL,44,70),(20,'ee64f26f602245c8967df1b22c45b5e6','completed',0,NULL,'in_person','',NULL,NULL,0,NULL,0,0,NULL,NULL,NULL,NULL,NULL,'2026-02-16 13:18:14.006599','2026-02-16 13:18:14.006602',NULL,'b90dac0c74974d1c95c615fbcc9f412e','a0f97b57ff11462c9b627ab0b1593c0f',NULL,90,81),(21,'dcc1b4ab172342f993c2fb3d4bd0e4a3','completed',0,NULL,'in_person','',NULL,NULL,0,NULL,0,0,NULL,NULL,NULL,NULL,NULL,'2026-02-16 13:18:14.007499','2026-02-16 13:18:14.007502',NULL,'f7b1fcc90b894b39a0770fad90114e30','b1267b83510e405cb77c45e565726e18',NULL,16,64);
/*!40000 ALTER TABLE `exchanges` ENABLE KEYS */;
UNLOCK TABLES;

--
-- Table structure for table `languages`
--

DROP TABLE IF EXISTS `languages`;
/*!40101 SET @saved_cs_client     = @@character_set_client */;
/*!50503 SET character_set_client = utf8mb4 */;
CREATE TABLE `languages` (
  `id` bigint NOT NULL AUTO_INCREMENT,
  `language_name` varchar(100) NOT NULL,
  `language_code` varchar(100) DEFAULT NULL,
  `created_at` datetime(6) NOT NULL,
  `updated_at` datetime(6) NOT NULL,
  PRIMARY KEY (`id`),
  UNIQUE KEY `language_name` (`language_name`)
) ENGINE=InnoDB AUTO_INCREMENT=17 DEFAULT CHARSET=utf8mb4 COLLATE=utf8mb4_0900_ai_ci;
/*!40101 SET character_set_client = @saved_cs_client */;

--
-- Dumping data for table `languages`
--

LOCK TABLES `languages` WRITE;
/*!40000 ALTER TABLE `languages` DISABLE KEYS */;
INSERT INTO `languages` VALUES (1,'Deutsch','de','2026-02-16 09:47:11.796861','2026-02-16 09:47:11.796874'),(2,'English','en','2026-02-16 09:47:11.798592','2026-02-16 09:47:11.798597'),(3,'Mandarin Chinese','zh','2026-02-16 09:47:11.799950','2026-02-16 09:47:11.799958'),(4,'Hindi','hi','2026-02-16 09:47:11.801208','2026-02-16 09:47:11.801215'),(5,'Spanish','es','2026-02-16 09:47:11.802023','2026-02-16 09:47:11.802028'),(6,'Arabic','ar','2026-02-16 09:47:11.803271','2026-02-16 09:47:11.803275'),(7,'French','fr','2026-02-16 09:47:11.804344','2026-02-16 09:47:11.804348'),(8,'Bengali','bn','2026-02-16 09:47:11.805308','2026-02-16 09:47:11.805312'),(9,'Portuguese','pt','2026-02-16 09:47:11.806131','2026-02-16 09:47:11.806136'),(10,'Russian','ru','2026-02-16 09:47:11.806955','2026-02-16 09:47:11.806959'),(11,'Urdu','ur','2026-02-16 09:47:11.807761','2026-02-16 09:47:11.807764'),(12,'Dutch','nl','2026-02-16 09:47:11.808575','2026-02-16 09:47:11.808578'),(13,'Dari (Afghan Persian)','fa','2026-02-16 09:47:11.809420','2026-02-16 09:47:11.809424'),(14,'Italian','it','2026-02-16 09:47:11.810370','2026-02-16 09:47:11.810373'),(15,'Ukrainian','uk','2026-02-16 09:47:11.811214','2026-02-16 09:47:11.811217'),(16,'Turkish','tr','2026-02-16 09:47:11.812111','2026-02-16 09:47:11.812118');
/*!40000 ALTER TABLE `languages` ENABLE KEYS */;
UNLOCK TABLES;

--
-- Table structure for table `ratings`
--

DROP TABLE IF EXISTS `ratings`;
/*!40101 SET @saved_cs_client     = @@character_set_client */;
/*!50503 SET character_set_client = utf8mb4 */;
CREATE TABLE `ratings` (
  `id` bigint NOT NULL AUTO_INCREMENT,
  `score` int NOT NULL,
  `comment` longtext NOT NULL,
  `status` varchar(20) NOT NULL,
  `created_at` datetime(6) NOT NULL,
  `updated_at` datetime(6) NOT NULL,
  `author_id` char(32) NOT NULL,
  `exchange_id` bigint NOT NULL,
  `target_user_id` char(32) NOT NULL,
  PRIMARY KEY (`id`),
  UNIQUE KEY `ratings_exchange_id_author_id_ca805a5f_uniq` (`exchange_id`,`author_id`),
  KEY `ratings_author_id_c7ded17e_fk_users_id` (`author_id`),
  KEY `ratings_target_user_id_fdd32993_fk_users_id` (`target_user_id`),
  CONSTRAINT `ratings_author_id_c7ded17e_fk_users_id` FOREIGN KEY (`author_id`) REFERENCES `users` (`id`),
  CONSTRAINT `ratings_exchange_id_b929dc2b_fk_exchanges_id` FOREIGN KEY (`exchange_id`) REFERENCES `exchanges` (`id`),
  CONSTRAINT `ratings_target_user_id_fdd32993_fk_users_id` FOREIGN KEY (`target_user_id`) REFERENCES `users` (`id`)
) ENGINE=InnoDB AUTO_INCREMENT=21 DEFAULT CHARSET=utf8mb4 COLLATE=utf8mb4_0900_ai_ci;
/*!40101 SET character_set_client = @saved_cs_client */;

--
-- Dumping data for table `ratings`
--

LOCK TABLES `ratings` WRITE;
/*!40000 ALTER TABLE `ratings` DISABLE KEYS */;
INSERT INTO `ratings` VALUES (1,5,'Leise etwas braun zehn lernen.','published','2026-02-16 13:18:13.986145','2026-02-16 13:18:13.986148','52ccb36f50814918a9e21694f1c55fc3',2,'dee648880bee4b48a3693c5ff8647ec2'),(2,4,'Haben Fisch sechs verstecken früh laut Weg.','published','2026-02-16 13:18:13.987759','2026-02-16 13:18:13.987762','c253f5944b514f529c380e36bfca33f1',3,'dee648880bee4b48a3693c5ff8647ec2'),(3,4,'Sommer also deshalb Vogel.','published','2026-02-16 13:18:13.989108','2026-02-16 13:18:13.989111','af9d2149696248699f38891ff1a65392',4,'2d137a5a818c4273a8aa096935ea6a13'),(4,5,'Ich Winter mögen Schuh.','published','2026-02-16 13:18:13.990416','2026-02-16 13:18:13.990419','2d137a5a818c4273a8aa096935ea6a13',5,'9d905e9e32e049748db69a906658c963'),(5,5,'Schlecht Hilfe Tier rund.','published','2026-02-16 13:18:13.991126','2026-02-16 13:18:13.991132','8a65b73522684317861cb74761e4aa9d',6,'f57403866b9f4221bf17f43e360d50c7'),(6,5,'Feuer hoch wie mich dich fehlen.','published','2026-02-16 13:18:13.992403','2026-02-16 13:18:13.992407','52ccb36f50814918a9e21694f1c55fc3',7,'14e608101a3c43c9a26905ce0c7e5012'),(7,5,'Arbeiten schon hier Beispiel fertig heute hoch.','published','2026-02-16 13:18:13.993715','2026-02-16 13:18:13.993718','eb9def8e0a32449d8f49241ac3b79da9',8,'c3ccb4e0ea694acf8d45aa3303676167'),(8,5,'Zeitung Tür schwer.','published','2026-02-16 13:18:13.995102','2026-02-16 13:18:13.995107','5453d21151804a9da49a93b9e2135809',9,'3e85749d2c934d51b09668fd405a47a3'),(9,4,'Anfangen jung von Vater Licht.','published','2026-02-16 13:18:13.996338','2026-02-16 13:18:13.996342','ec0f44cf181147a1b4f7fe4577d57932',10,'db720654c06748f1951aa929ae22b33f'),(10,5,'Junge gleich war an heiß Freund.','published','2026-02-16 13:18:13.997505','2026-02-16 13:18:13.997510','076ad6f644504979bfe8794217967cb1',11,'d7ba4fad98974154b051dac86e29881c'),(11,4,'Schwer Land sieben gewinnen krank See.','published','2026-02-16 13:18:13.998974','2026-02-16 13:18:13.998978','11dceda831d841e3ad5b07880a39490f',12,'f57403866b9f4221bf17f43e360d50c7'),(12,5,'Hinein warm wird dem Zimmer Wiese fröhlich Stein.','published','2026-02-16 13:18:14.000172','2026-02-16 13:18:14.000176','9d905e9e32e049748db69a906658c963',13,'076ad6f644504979bfe8794217967cb1'),(13,4,'Milch schwarz merken den Musik.','published','2026-02-16 13:18:14.001365','2026-02-16 13:18:14.001369','5453d21151804a9da49a93b9e2135809',14,'69c8a0b85f814238b302873f595a29b5'),(14,5,'Sommer Nacht allein treffen.','published','2026-02-16 13:18:14.002121','2026-02-16 13:18:14.002125','c72e033cca9245968845ad3ffadd5c8b',15,'eb9def8e0a32449d8f49241ac3b79da9'),(15,4,'Hunger steigen überall nein.','published','2026-02-16 13:18:14.003231','2026-02-16 13:18:14.003235','b1267b83510e405cb77c45e565726e18',16,'f7b1fcc90b894b39a0770fad90114e30'),(16,5,'Loch Bein Seite.','published','2026-02-16 13:18:14.004250','2026-02-16 13:18:14.004254','611fb647d62d44d4a69ebcedd717eedc',17,'69c8a0b85f814238b302873f595a29b5'),(17,5,'Müssen zur vorbei scheinen.','published','2026-02-16 13:18:14.005191','2026-02-16 13:18:14.005194','d7ba4fad98974154b051dac86e29881c',18,'69c8a0b85f814238b302873f595a29b5'),(18,5,'Warm fährt Schüler sitzen Seite Nase.','published','2026-02-16 13:18:14.006153','2026-02-16 13:18:14.006157','4bc0c1e565dc4ad1a12b5686fd377b4f',19,'db720654c06748f1951aa929ae22b33f'),(19,4,'Ding hinter wird Woche Wissen Stein.','published','2026-02-16 13:18:14.007075','2026-02-16 13:18:14.007079','b90dac0c74974d1c95c615fbcc9f412e',20,'a0f97b57ff11462c9b627ab0b1593c0f'),(20,4,'Dürfen sagen wollen schreiben erst sechs auch.','published','2026-02-16 13:18:14.007991','2026-02-16 13:18:14.007995','f7b1fcc90b894b39a0770fad90114e30',21,'b1267b83510e405cb77c45e565726e18');
/*!40000 ALTER TABLE `ratings` ENABLE KEYS */;
UNLOCK TABLES;

--
-- Table structure for table `skill_categories`
--

DROP TABLE IF EXISTS `skill_categories`;
/*!40101 SET @saved_cs_client     = @@character_set_client */;
/*!50503 SET character_set_client = utf8mb4 */;
CREATE TABLE `skill_categories` (
  `id` bigint NOT NULL AUTO_INCREMENT,
  `skill_name` varchar(255) NOT NULL,
  `skill_description` longtext,
  `skill_image_url` varchar(100) DEFAULT NULL,
  `skill_link_url` varchar(200) DEFAULT NULL,
  `created_at` datetime(6) NOT NULL,
  `updated_at` datetime(6) NOT NULL,
  PRIMARY KEY (`id`)
) ENGINE=InnoDB AUTO_INCREMENT=51 DEFAULT CHARSET=utf8mb4 COLLATE=utf8mb4_0900_ai_ci;
/*!40101 SET character_set_client = @saved_cs_client */;

--
-- Dumping data for table `skill_categories`
--

LOCK TABLES `skill_categories` WRITE;
/*!40000 ALTER TABLE `skill_categories` DISABLE KEYS */;
INSERT INTO `skill_categories` VALUES (1,'Web Development','Frontend & backend web development','',NULL,'2026-02-16 09:47:19.866868','2026-02-16 09:47:19.866881'),(2,'Mobile Development','Building apps for iOS & Android','',NULL,'2026-02-16 09:47:19.868607','2026-02-16 09:47:19.868611'),(3,'Data Science','Machine learning, statistics, and analysis','',NULL,'2026-02-16 09:47:19.869897','2026-02-16 09:47:19.869901'),(4,'UI/UX Design','User interface and user experience design','',NULL,'2026-02-16 09:47:19.871206','2026-02-16 09:47:19.871213'),(5,'Graphic Design','Branding, illustration, and digital art','',NULL,'2026-02-16 09:47:19.872269','2026-02-16 09:47:19.872273'),(6,'Cybersecurity','Systems security and penetration testing','',NULL,'2026-02-16 09:47:19.873058','2026-02-16 09:47:19.873063'),(7,'Digital Marketing','SEO, SEM, and social media marketing','',NULL,'2026-02-16 09:47:19.874185','2026-02-16 09:47:19.874188'),(8,'Cloud Computing','AWS, Azure, Google Cloud skills','',NULL,'2026-02-16 09:47:19.875258','2026-02-16 09:47:19.875262'),(9,'DevOps','CI/CD, automation, monitoring','',NULL,'2026-02-16 09:47:19.876345','2026-02-16 09:47:19.876348'),(10,'Blockchain','Smart contracts & crypto development','',NULL,'2026-02-16 09:47:19.877414','2026-02-16 09:47:19.877417'),(11,'Artificial Intelligence','Deep learning and neural networks','',NULL,'2026-02-16 09:47:19.878320','2026-02-16 09:47:19.878323'),(12,'Software Testing','QA, automation, and manual testing','',NULL,'2026-02-16 09:47:19.879143','2026-02-16 09:47:19.879146'),(13,'Game Development','Unity, Unreal, 2D and 3D game design','',NULL,'2026-02-16 09:47:19.879974','2026-02-16 09:47:19.879978'),(14,'Video Editing','Film editing & post-production','',NULL,'2026-02-16 09:47:19.880800','2026-02-16 09:47:19.880803'),(15,'Photography','Professional camera and editing skills','',NULL,'2026-02-16 09:47:19.881635','2026-02-16 09:47:19.881638'),(16,'Content Writing','Copywriting, storytelling, SEO writing','',NULL,'2026-02-16 09:47:19.882464','2026-02-16 09:47:19.882468'),(17,'Project Management','Agile, Scrum, and leadership','',NULL,'2026-02-16 09:47:19.883296','2026-02-16 09:47:19.883299'),(18,'Entrepreneurship','Business creation & startup management','',NULL,'2026-02-16 09:47:19.884390','2026-02-16 09:47:19.884394'),(19,'Finance & Accounting','Bookkeeping, analysis, and budgeting','',NULL,'2026-02-16 09:47:19.885322','2026-02-16 09:47:19.885328'),(20,'Public Speaking','Presentation & communication skills','',NULL,'2026-02-16 09:47:19.886298','2026-02-16 09:47:19.886302'),(21,'Machine Repair','Electronics, hardware, and machinery','',NULL,'2026-02-16 09:47:19.887182','2026-02-16 09:47:19.887186'),(22,'Cooking & Culinary Arts','Professional food preparation','',NULL,'2026-02-16 09:47:19.888035','2026-02-16 09:47:19.888039'),(23,'Language Learning','English, German, French, Spanish...','',NULL,'2026-02-16 09:47:19.888899','2026-02-16 09:47:19.888903'),(24,'Health & Fitness','Workout, nutrition, and body care','',NULL,'2026-02-16 09:47:19.889716','2026-02-16 09:47:19.889719'),(25,'Music Production','Mixing, mastering, beat-making','',NULL,'2026-02-16 09:47:19.890414','2026-02-16 09:47:19.890417'),(26,'Carpentry','Woodwork and furniture making','',NULL,'2026-02-16 09:47:19.891130','2026-02-16 09:47:19.891133'),(27,'Plumbing','Home and commercial plumbing skills','',NULL,'2026-02-16 09:47:19.891864','2026-02-16 09:47:19.891867'),(28,'Electrical Engineering','Circuits, wiring, and electronics','',NULL,'2026-02-16 09:47:19.892644','2026-02-16 09:47:19.892647'),(29,'Robotics','Building and programming robots','',NULL,'2026-02-16 09:47:19.893532','2026-02-16 09:47:19.893535'),(30,'3D Modeling & Animation','3D design and animation with Blender','',NULL,'2026-02-16 09:47:19.894238','2026-02-16 09:47:19.894242'),(31,'Carpentry','Woodworking and furniture building','',NULL,'2026-02-16 09:47:19.894894','2026-02-16 09:47:19.894898'),(32,'Plumbing','Pipes, water systems, and repairs','',NULL,'2026-02-16 09:47:19.895537','2026-02-16 09:47:19.895541'),(33,'Electrical Installation','House wiring and electrical systems','',NULL,'2026-02-16 09:47:19.896217','2026-02-16 09:47:19.896220'),(34,'Masonry','Bricklaying, stonework, and concrete','',NULL,'2026-02-16 09:47:19.896862','2026-02-16 09:47:19.896865'),(35,'Metalworking','Welding, cutting, and metal shaping','',NULL,'2026-02-16 09:47:19.897525','2026-02-16 09:47:19.897528'),(36,'Painting & Coating','Interior and exterior painting','',NULL,'2026-02-16 09:47:19.898166','2026-02-16 09:47:19.898169'),(37,'Roofing','Roof installation and repair','',NULL,'2026-02-16 09:47:19.898812','2026-02-16 09:47:19.898815'),(38,'Flooring','Tile, laminate, and wooden floor installation','',NULL,'2026-02-16 09:47:19.899433','2026-02-16 09:47:19.899437'),(39,'HVAC','Heating, ventilation, and air conditioning','',NULL,'2026-02-16 09:47:19.900063','2026-02-16 09:47:19.900066'),(40,'Auto Mechanics','Vehicle diagnostics and repair','',NULL,'2026-02-16 09:47:19.900884','2026-02-16 09:47:19.900887'),(41,'Motorcycle Repair','Motorcycle engine and system fixes','',NULL,'2026-02-16 09:47:19.901491','2026-02-16 09:47:19.901494'),(42,'Home Appliance Repair','Fixing washing machines, fridges, etc.','',NULL,'2026-02-16 09:47:19.902088','2026-02-16 09:47:19.902091'),(43,'Locksmithing','Locks, keys, and security systems','',NULL,'2026-02-16 09:47:19.902690','2026-02-16 09:47:19.902693'),(44,'Tailoring','Sewing, clothes design, and adjustments','',NULL,'2026-02-16 09:47:19.903295','2026-02-16 09:47:19.903298'),(45,'Shoe Repair','Leatherwork and shoe fixing','',NULL,'2026-02-16 09:47:19.903897','2026-02-16 09:47:19.903900'),(46,'Glassworking','Glass cutting and window installation','',NULL,'2026-02-16 09:47:19.904500','2026-02-16 09:47:19.904503'),(47,'Plastering','Wall coating, smoothing, and renovation','',NULL,'2026-02-16 09:47:19.905095','2026-02-16 09:47:19.905098'),(48,'Gardening & Landscaping','Garden design and maintenance','',NULL,'2026-02-16 09:47:19.905668','2026-02-16 09:47:19.905671'),(49,'Bakery & Pastry','Bread and sweets production','',NULL,'2026-02-16 09:47:19.906216','2026-02-16 09:47:19.906219'),(50,'Butchery','Meat cutting and preparation','',NULL,'2026-02-16 09:47:19.906897','2026-02-16 09:47:19.906904');
/*!40000 ALTER TABLE `skill_categories` ENABLE KEYS */;
UNLOCK TABLES;

--
-- Table structure for table `skill_verifications`
--

DROP TABLE IF EXISTS `skill_verifications`;
/*!40101 SET @saved_cs_client     = @@character_set_client */;
/*!50503 SET character_set_client = utf8mb4 */;
CREATE TABLE `skill_verifications` (
  `id` bigint NOT NULL AUTO_INCREMENT,
  `uuid` char(32) NOT NULL,
  `verification_type` varchar(20) NOT NULL,
  `status` varchar(20) NOT NULL,
  `evidence_file` varchar(100) DEFAULT NULL,
  `admin_notes` longtext,
  `verified_at` datetime(6) DEFAULT NULL,
  `created_at` datetime(6) NOT NULL,
  `verifier_id` char(32) DEFAULT NULL,
  `user_skill_id` bigint NOT NULL,
  PRIMARY KEY (`id`),
  UNIQUE KEY `uuid` (`uuid`),
  KEY `skill_verifications_verifier_id_2b3b4669_fk_users_id` (`verifier_id`),
  KEY `skill_verifications_user_skill_id_8d80ed79_fk_user_skills_id` (`user_skill_id`),
  CONSTRAINT `skill_verifications_user_skill_id_8d80ed79_fk_user_skills_id` FOREIGN KEY (`user_skill_id`) REFERENCES `user_skills` (`id`),
  CONSTRAINT `skill_verifications_verifier_id_2b3b4669_fk_users_id` FOREIGN KEY (`verifier_id`) REFERENCES `users` (`id`)
) ENGINE=InnoDB DEFAULT CHARSET=utf8mb4 COLLATE=utf8mb4_0900_ai_ci;
/*!40101 SET character_set_client = @saved_cs_client */;

--
-- Dumping data for table `skill_verifications`
--

LOCK TABLES `skill_verifications` WRITE;
/*!40000 ALTER TABLE `skill_verifications` DISABLE KEYS */;
/*!40000 ALTER TABLE `skill_verifications` ENABLE KEYS */;
UNLOCK TABLES;

--
-- Table structure for table `skills`
--

DROP TABLE IF EXISTS `skills`;
/*!40101 SET @saved_cs_client     = @@character_set_client */;
/*!50503 SET character_set_client = utf8mb4 */;
CREATE TABLE `skills` (
  `id` bigint NOT NULL AUTO_INCREMENT,
  `name` varchar(100) DEFAULT NULL,
  `description` longtext,
  `created_at` datetime(6) NOT NULL,
  `updated_at` datetime(6) NOT NULL,
  `skill_category_id_id` bigint DEFAULT NULL,
  PRIMARY KEY (`id`),
  KEY `skills_skill_category_id_id_dbc70167_fk_skill_categories_id` (`skill_category_id_id`),
  CONSTRAINT `skills_skill_category_id_id_dbc70167_fk_skill_categories_id` FOREIGN KEY (`skill_category_id_id`) REFERENCES `skill_categories` (`id`)
) ENGINE=InnoDB AUTO_INCREMENT=92 DEFAULT CHARSET=utf8mb4 COLLATE=utf8mb4_0900_ai_ci;
/*!40101 SET character_set_client = @saved_cs_client */;

--
-- Dumping data for table `skills`
--

LOCK TABLES `skills` WRITE;
/*!40000 ALTER TABLE `skills` DISABLE KEYS */;
INSERT INTO `skills` VALUES (1,'HTML','Markup language for building web page structure','2026-02-16 09:47:23.327096','2026-02-16 09:47:23.327108',1),(2,'CSS','Styling language for designing web pages','2026-02-16 09:47:23.328750','2026-02-16 09:47:23.328755',1),(3,'JavaScript','Programming language for client-side interactivity','2026-02-16 09:47:23.330103','2026-02-16 09:47:23.330107',1),(4,'Django','Python framework for backend web development','2026-02-16 09:47:23.331344','2026-02-16 09:47:23.331348',1),(5,'React','Frontend JavaScript library for UI building','2026-02-16 09:47:23.332500','2026-02-16 09:47:23.332503',1),(6,'Kotlin','Android development programming language','2026-02-16 09:47:23.334075','2026-02-16 09:47:23.334079',2),(7,'Swift','iOS app development language','2026-02-16 09:47:23.336771','2026-02-16 09:47:23.336774',2),(8,'Flutter','Cross-platform mobile development toolkit','2026-02-16 09:47:23.337900','2026-02-16 09:47:23.337904',2),(9,'Python','Core language for data processing and analysis','2026-02-16 09:47:23.339313','2026-02-16 09:47:23.339317',3),(10,'Pandas','Python library for data manipulation','2026-02-16 09:47:23.340182','2026-02-16 09:47:23.340185',3),(11,'NumPy','Library for numerical and matrix operations','2026-02-16 09:47:23.341071','2026-02-16 09:47:23.341074',3),(12,'Figma','UI/UX design and prototyping tool','2026-02-16 09:47:23.342244','2026-02-16 09:47:23.342248',4),(13,'Wireframing','Basic layout structure creation','2026-02-16 09:47:23.343226','2026-02-16 09:47:23.343230',4),(14,'Photoshop','Image editing and digital art creation','2026-02-16 09:47:23.344497','2026-02-16 09:47:23.344500',5),(15,'Illustrator','Vector-based graphic design tool','2026-02-16 09:47:23.345365','2026-02-16 09:47:23.345368',5),(16,'Penetration Testing','Testing system security by simulating attacks','2026-02-16 09:47:23.346522','2026-02-16 09:47:23.346525',6),(17,'Network Monitoring','Monitoring and protecting network systems','2026-02-16 09:47:23.347243','2026-02-16 09:47:23.347246',6),(18,'SEO','Search engine optimization techniques','2026-02-16 09:47:23.348241','2026-02-16 09:47:23.348244',7),(19,'Google Ads','Paid marketing campaign management','2026-02-16 09:47:23.348953','2026-02-16 09:47:23.348957',7),(20,'AWS','Amazon cloud computing services','2026-02-16 09:47:23.349917','2026-02-16 09:47:23.349920',8),(21,'Azure','Microsoft cloud platform','2026-02-16 09:47:23.350617','2026-02-16 09:47:23.350620',8),(22,'Docker','Containerization platform','2026-02-16 09:47:23.351523','2026-02-16 09:47:23.351527',9),(23,'CI/CD','Automation of build, test, and deployment','2026-02-16 09:47:23.352194','2026-02-16 09:47:23.352197',9),(24,'Solidity','Smart contract programming language','2026-02-16 09:47:23.353122','2026-02-16 09:47:23.353125',10),(25,'Smart Contracts','Automated blockchain-based contracts','2026-02-16 09:47:23.353976','2026-02-16 09:47:23.353979',10),(26,'Neural Networks','Machine learning model','2026-02-16 09:47:23.354828','2026-02-16 09:47:23.354831',11),(27,'Deep Learning','Advanced ML with neural networks','2026-02-16 09:47:23.355446','2026-02-16 09:47:23.355449',11),(28,'Selenium','Automation testing tool','2026-02-16 09:47:23.356270','2026-02-16 09:47:23.356274',12),(29,'Unit Testing','Testing software components','2026-02-16 09:47:23.356881','2026-02-16 09:47:23.356884',12),(30,'Unity','Cross-platform game engine','2026-02-16 09:47:23.357713','2026-02-16 09:47:23.357716',13),(31,'Unreal Engine','3D game engine','2026-02-16 09:47:23.358464','2026-02-16 09:47:23.358467',13),(32,'Adobe Premiere','Video editing software','2026-02-16 09:47:23.359343','2026-02-16 09:47:23.359347',14),(33,'DaVinci Resolve','Color correction + editing','2026-02-16 09:47:23.359926','2026-02-16 09:47:23.359929',14),(34,'Photo Editing','Enhancing and retouching photos','2026-02-16 09:47:23.360683','2026-02-16 09:47:23.360686',15),(35,'Lighting Setup','Managing light for photography','2026-02-16 09:47:23.361244','2026-02-16 09:47:23.361247',15),(36,'Copywriting','Marketing content writing','2026-02-16 09:47:23.361993','2026-02-16 09:47:23.361996',16),(37,'SEO Writing','Search optimized writing','2026-02-16 09:47:23.362529','2026-02-16 09:47:23.362532',16),(38,'SCRUM','Agile project methodology','2026-02-16 09:47:23.363228','2026-02-16 09:47:23.363232',17),(39,'Kanban','Workflow management','2026-02-16 09:47:23.363745','2026-02-16 09:47:23.363748',17),(40,'Electronic Diagnostics','Testing electronics','2026-02-16 09:47:23.364444','2026-02-16 09:47:23.364448',21),(41,'Hardware Repair','Fixing internal hardware','2026-02-16 09:47:23.364959','2026-02-16 09:47:23.364963',21),(42,'Knife Skills','Professional cutting skills','2026-02-16 09:47:23.365648','2026-02-16 09:47:23.365651',22),(43,'Food Preparation','Organizing ingredients and cooking','2026-02-16 09:47:23.366153','2026-02-16 09:47:23.366156',22),(44,'English','English language learning','2026-02-16 09:47:23.366848','2026-02-16 09:47:23.366852',23),(45,'German','German language skills','2026-02-16 09:47:23.367369','2026-02-16 09:47:23.367372',23),(46,'Workout Planning','Creating exercise routines','2026-02-16 09:47:23.368073','2026-02-16 09:47:23.368076',24),(47,'Nutrition Basics','Healthy diet knowledge','2026-02-16 09:47:23.368881','2026-02-16 09:47:23.368884',24),(48,'Mixing','Balancing audio tracks','2026-02-16 09:47:23.369582','2026-02-16 09:47:23.369586',25),(49,'Beat Making','Creating beats','2026-02-16 09:47:23.370093','2026-02-16 09:47:23.370096',25),(50,'Wood Cutting','Cutting wood professionally','2026-02-16 09:47:23.370788','2026-02-16 09:47:23.370793',31),(51,'Furniture Assembly','Building wood furniture','2026-02-16 09:47:23.371394','2026-02-16 09:47:23.371397',31),(52,'Pipe Installation','Installing water/gas pipes','2026-02-16 09:47:23.372151','2026-02-16 09:47:23.372154',32),(53,'Leak Repair','Fixing leaks','2026-02-16 09:47:23.372710','2026-02-16 09:47:23.372714',32),(54,'Circuit Design','Creating circuits','2026-02-16 09:47:23.373603','2026-02-16 09:47:23.373606',28),(55,'Soldering','Connecting electronic components','2026-02-16 09:47:23.374148','2026-02-16 09:47:23.374151',28),(56,'Arduino Programming','Coding microcontrollers','2026-02-16 09:47:23.374849','2026-02-16 09:47:23.374852',29),(57,'Robot Assembly','Building robots','2026-02-16 09:47:23.375364','2026-02-16 09:47:23.375367',29),(58,'Blender','3D creation software','2026-02-16 09:47:23.376057','2026-02-16 09:47:23.376061',30),(59,'Rendering','Creating final visuals','2026-02-16 09:47:23.376565','2026-02-16 09:47:23.376568',30),(60,'Welding','Joining metal','2026-02-16 09:47:23.377256','2026-02-16 09:47:23.377259',35),(61,'Grinding','Smoothing metal surfaces','2026-02-16 09:47:23.377771','2026-02-16 09:47:23.377774',35),(62,'Wall Painting','Interior/exterior painting','2026-02-16 09:47:23.378436','2026-02-16 09:47:23.378439',36),(63,'Surface Coating','Protective coating','2026-02-16 09:47:23.378920','2026-02-16 09:47:23.378923',36),(64,'Roof Installation','Installing roofs','2026-02-16 09:47:23.379587','2026-02-16 09:47:23.379590',37),(65,'Tile Replacement','Replacing roof tiles','2026-02-16 09:47:23.380078','2026-02-16 09:47:23.380081',37),(66,'Tile Installation','Installing ceramic tiles','2026-02-16 09:47:23.380742','2026-02-16 09:47:23.380745',38),(67,'Laminate Installation','Setting laminate flooring','2026-02-16 09:47:23.381228','2026-02-16 09:47:23.381231',38),(68,'AC Repair','Fixing AC units','2026-02-16 09:47:23.382097','2026-02-16 09:47:23.382100',39),(69,'Heating Maintenance','Maintaining heating systems','2026-02-16 09:47:23.382586','2026-02-16 09:47:23.382589',39),(70,'Engine Diagnostics','Finding engine issues','2026-02-16 09:47:23.383317','2026-02-16 09:47:23.383320',40),(71,'Oil Change','Basic car maintenance','2026-02-16 09:47:23.383844','2026-02-16 09:47:23.383847',40),(72,'Engine Tuning','Fine-tuning engines','2026-02-16 09:47:23.384564','2026-02-16 09:47:23.384568',41),(73,'Brake Repair','Fixing brake systems','2026-02-16 09:47:23.385081','2026-02-16 09:47:23.385084',41),(74,'Washing Machine Repair','Fixing washers','2026-02-16 09:47:23.385764','2026-02-16 09:47:23.385768',42),(75,'Fridge Repair','Repairing refrigerators','2026-02-16 09:47:23.386245','2026-02-16 09:47:23.386250',42),(76,'Key Cutting','Duplicating keys','2026-02-16 09:47:23.386912','2026-02-16 09:47:23.386917',43),(77,'Lock Installation','Installing locks','2026-02-16 09:47:23.387374','2026-02-16 09:47:23.387379',43),(78,'Sewing','Clothes making & repair','2026-02-16 09:47:23.388001','2026-02-16 09:47:23.388006',44),(79,'Pattern Making','Creating clothing patterns','2026-02-16 09:47:23.388530','2026-02-16 09:47:23.388534',44),(80,'Sole Replacement','Replacing soles','2026-02-16 09:47:23.389374','2026-02-16 09:47:23.389378',45),(81,'Leather Repair','Fixing leather','2026-02-16 09:47:23.389904','2026-02-16 09:47:23.389911',45),(82,'Glass Cutting','Cutting glass','2026-02-16 09:47:23.390549','2026-02-16 09:47:23.390554',46),(83,'Window Installation','Installing windows','2026-02-16 09:47:23.391017','2026-02-16 09:47:23.391021',46),(84,'Wall Smoothing','Smoothing walls','2026-02-16 09:47:23.391757','2026-02-16 09:47:23.391762',47),(85,'Plaster Finishing','Final plaster layers','2026-02-16 09:47:23.392303','2026-02-16 09:47:23.392308',47),(86,'Plant Care','Taking care of plants','2026-02-16 09:47:23.392938','2026-02-16 09:47:23.392943',48),(87,'Garden Design','Designing outdoor spaces','2026-02-16 09:47:23.393395','2026-02-16 09:47:23.393400',48),(88,'Bread Making','Making bread dough','2026-02-16 09:47:23.394100','2026-02-16 09:47:23.394104',49),(89,'Cake Decorating','Decorating cakes','2026-02-16 09:47:23.395477','2026-02-16 09:47:23.395482',49),(90,'Meat Cutting','Cutting meat','2026-02-16 09:47:23.396130','2026-02-16 09:47:23.396134',50),(91,'Knife Handling','Using knives safely','2026-02-16 09:47:23.396607','2026-02-16 09:47:23.396612',50);
/*!40000 ALTER TABLE `skills` ENABLE KEYS */;
UNLOCK TABLES;

--
-- Table structure for table `social_media_links`
--

DROP TABLE IF EXISTS `social_media_links`;
/*!40101 SET @saved_cs_client     = @@character_set_client */;
/*!50503 SET character_set_client = utf8mb4 */;
CREATE TABLE `social_media_links` (
  `id` bigint NOT NULL AUTO_INCREMENT,
  `type` varchar(20) DEFAULT NULL,
  `link` varchar(200) DEFAULT NULL,
  `created_at` datetime(6) NOT NULL,
  `updated_at` datetime(6) NOT NULL,
  `user_id_id` char(32) DEFAULT NULL,
  PRIMARY KEY (`id`),
  KEY `social_media_links_user_id_id_9d085bbe_fk_users_id` (`user_id_id`),
  CONSTRAINT `social_media_links_user_id_id_9d085bbe_fk_users_id` FOREIGN KEY (`user_id_id`) REFERENCES `users` (`id`)
) ENGINE=InnoDB DEFAULT CHARSET=utf8mb4 COLLATE=utf8mb4_0900_ai_ci;
/*!40101 SET character_set_client = @saved_cs_client */;

--
-- Dumping data for table `social_media_links`
--

LOCK TABLES `social_media_links` WRITE;
/*!40000 ALTER TABLE `social_media_links` DISABLE KEYS */;
/*!40000 ALTER TABLE `social_media_links` ENABLE KEYS */;
UNLOCK TABLES;

--
-- Table structure for table `system_logs`
--

DROP TABLE IF EXISTS `system_logs`;
/*!40101 SET @saved_cs_client     = @@character_set_client */;
/*!50503 SET character_set_client = utf8mb4 */;
CREATE TABLE `system_logs` (
  `id` bigint NOT NULL AUTO_INCREMENT,
  `object_id` varchar(255) NOT NULL,
  `action_type` varchar(10) NOT NULL,
  `previous_value` json DEFAULT NULL,
  `new_value` json DEFAULT NULL,
  `ip_address` char(39) DEFAULT NULL,
  `user_agent` longtext,
  `created_at` datetime(6) NOT NULL,
  `action_by_id` char(32) DEFAULT NULL,
  `content_type_id` int NOT NULL,
  PRIMARY KEY (`id`),
  KEY `system_logs_action_by_id_e48eb7d9_fk_users_id` (`action_by_id`),
  KEY `system_logs_content_type_id_e9396e8e_fk_django_content_type_id` (`content_type_id`),
  KEY `system_logs_object_id_50b7750f` (`object_id`),
  CONSTRAINT `system_logs_action_by_id_e48eb7d9_fk_users_id` FOREIGN KEY (`action_by_id`) REFERENCES `users` (`id`),
  CONSTRAINT `system_logs_content_type_id_e9396e8e_fk_django_content_type_id` FOREIGN KEY (`content_type_id`) REFERENCES `django_content_type` (`id`)
) ENGINE=InnoDB AUTO_INCREMENT=378 DEFAULT CHARSET=utf8mb4 COLLATE=utf8mb4_0900_ai_ci;
/*!40101 SET character_set_client = @saved_cs_client */;

--
-- Dumping data for table `system_logs`
--

LOCK TABLES `system_logs` WRITE;
/*!40000 ALTER TABLE `system_logs` DISABLE KEYS */;
INSERT INTO `system_logs` VALUES (44,'bd811fdc-f178-43de-abcd-542c64d33883','CREATE','{}','{\"path\": \"/users/admin/logs/\", \"method\": \"GET\", \"status\": 200, \"description\": \"User visited /users/admin/logs/\"}','127.0.0.1','Mozilla/5.0 (Macintosh; Intel Mac OS X 10_15_7) AppleWebKit/537.36 (KHTML, like Gecko) Chrome/144.0.0.0 Safari/537.36','2026-02-16 10:00:15.446513','bd811fdcf17843deabcd542c64d33883',12),(45,'bd811fdc-f178-43de-abcd-542c64d33883','CREATE','{}','{\"path\": \"/users/admin/logs/\", \"method\": \"GET\", \"status\": 200, \"description\": \"User visited /users/admin/logs/\"}','127.0.0.1','Mozilla/5.0 (Macintosh; Intel Mac OS X 10_15_7) AppleWebKit/537.36 (KHTML, like Gecko) Chrome/144.0.0.0 Safari/537.36','2026-02-16 10:00:53.574302','bd811fdcf17843deabcd542c64d33883',12),(46,'bd811fdc-f178-43de-abcd-542c64d33883','CREATE','{}','{\"path\": \"/users/admin/logs/\", \"method\": \"GET\", \"status\": 200, \"description\": \"User visited /users/admin/logs/\"}','127.0.0.1','Mozilla/5.0 (Macintosh; Intel Mac OS X 10_15_7) AppleWebKit/537.36 (KHTML, like Gecko) Chrome/144.0.0.0 Safari/537.36','2026-02-16 10:01:41.886709','bd811fdcf17843deabcd542c64d33883',12),(47,'bd811fdc-f178-43de-abcd-542c64d33883','CREATE','{}','{\"path\": \"/users/admin/logs/\", \"method\": \"GET\", \"status\": 200, \"description\": \"User visited /users/admin/logs/\"}','127.0.0.1','Mozilla/5.0 (Macintosh; Intel Mac OS X 10_15_7) AppleWebKit/537.36 (KHTML, like Gecko) Chrome/144.0.0.0 Safari/537.36','2026-02-16 10:02:40.395769','bd811fdcf17843deabcd542c64d33883',12),(48,'bd811fdc-f178-43de-abcd-542c64d33883','CREATE','{}','{\"path\": \"/users/admin/logs/\", \"method\": \"GET\", \"status\": 200, \"description\": \"User visited /users/admin/logs/\"}','127.0.0.1','Mozilla/5.0 (Macintosh; Intel Mac OS X 10_15_7) AppleWebKit/537.36 (KHTML, like Gecko) Chrome/144.0.0.0 Safari/537.36','2026-02-16 10:02:41.142142','bd811fdcf17843deabcd542c64d33883',12),(49,'bd811fdc-f178-43de-abcd-542c64d33883','CREATE','{}','{\"path\": \"/users/admin/logs/\", \"method\": \"GET\", \"status\": 200, \"description\": \"User visited /users/admin/logs/\"}','127.0.0.1','Mozilla/5.0 (Macintosh; Intel Mac OS X 10_15_7) AppleWebKit/537.36 (KHTML, like Gecko) Chrome/144.0.0.0 Safari/537.36','2026-02-16 10:02:59.272966','bd811fdcf17843deabcd542c64d33883',12),(50,'bd811fdc-f178-43de-abcd-542c64d33883','UPDATE','{}','{\"path\": \"/login/\", \"method\": \"POST\", \"status\": 302, \"description\": \"User visited /login/\"}','127.0.0.1','Mozilla/5.0 (Macintosh; Intel Mac OS X 10_15_7) AppleWebKit/537.36 (KHTML, like Gecko) Chrome/144.0.0.0 Safari/537.36','2026-02-16 10:03:08.542395','bd811fdcf17843deabcd542c64d33883',12),(51,'bd811fdc-f178-43de-abcd-542c64d33883','CREATE','{}','{\"path\": \"/users/dashboard/\", \"method\": \"GET\", \"status\": 200, \"description\": \"User visited /users/dashboard/\"}','127.0.0.1','Mozilla/5.0 (Macintosh; Intel Mac OS X 10_15_7) AppleWebKit/537.36 (KHTML, like Gecko) Chrome/144.0.0.0 Safari/537.36','2026-02-16 10:03:08.555641','bd811fdcf17843deabcd542c64d33883',12),(52,'bd811fdc-f178-43de-abcd-542c64d33883','CREATE','{}','{\"path\": \"/users/profile/bd811fdc-f178-43de-abcd-542c64d33883/\", \"method\": \"GET\", \"status\": 200, \"description\": \"User visited /users/profile/bd811fdc-f178-43de-abcd-542c64d33883/\"}','127.0.0.1','Mozilla/5.0 (Macintosh; Intel Mac OS X 10_15_7) AppleWebKit/537.36 (KHTML, like Gecko) Chrome/144.0.0.0 Safari/537.36','2026-02-16 10:03:14.493040','bd811fdcf17843deabcd542c64d33883',12),(53,'bd811fdc-f178-43de-abcd-542c64d33883','CREATE','{}','{\"path\": \"/users/admin/logs/\", \"method\": \"GET\", \"status\": 200, \"description\": \"User visited /users/admin/logs/\"}','127.0.0.1','Mozilla/5.0 (Macintosh; Intel Mac OS X 10_15_7) AppleWebKit/537.36 (KHTML, like Gecko) Chrome/144.0.0.0 Safari/537.36','2026-02-16 10:03:17.130081','bd811fdcf17843deabcd542c64d33883',12),(54,'bd811fdc-f178-43de-abcd-542c64d33883','CREATE','{}','{\"path\": \"/users/\", \"method\": \"GET\", \"status\": 200, \"description\": \"User visited /users/\"}','127.0.0.1','Mozilla/5.0 (Macintosh; Intel Mac OS X 10_15_7) AppleWebKit/537.36 (KHTML, like Gecko) Chrome/144.0.0.0 Safari/537.36','2026-02-16 10:03:28.775283','bd811fdcf17843deabcd542c64d33883',12),(55,'bd811fdc-f178-43de-abcd-542c64d33883','CREATE','{}','{\"path\": \"/users/user_form\", \"method\": \"GET\", \"status\": 200, \"description\": \"User visited /users/user_form\"}','127.0.0.1','Mozilla/5.0 (Macintosh; Intel Mac OS X 10_15_7) AppleWebKit/537.36 (KHTML, like Gecko) Chrome/144.0.0.0 Safari/537.36','2026-02-16 10:03:39.509123','bd811fdcf17843deabcd542c64d33883',12),(56,'bd811fdc-f178-43de-abcd-542c64d33883','CREATE','{}','{\"path\": \"/users/load_cities\", \"method\": \"GET\", \"status\": 200, \"description\": \"User visited /users/load_cities\"}','127.0.0.1','Mozilla/5.0 (Macintosh; Intel Mac OS X 10_15_7) AppleWebKit/537.36 (KHTML, like Gecko) Chrome/144.0.0.0 Safari/537.36','2026-02-16 10:04:42.209295','bd811fdcf17843deabcd542c64d33883',12),(57,'bd811fdc-f178-43de-abcd-542c64d33883','CREATE','{}','{\"path\": \"/users/load_districts\", \"method\": \"GET\", \"status\": 200, \"description\": \"User visited /users/load_districts\"}','127.0.0.1','Mozilla/5.0 (Macintosh; Intel Mac OS X 10_15_7) AppleWebKit/537.36 (KHTML, like Gecko) Chrome/144.0.0.0 Safari/537.36','2026-02-16 10:04:44.585820','bd811fdcf17843deabcd542c64d33883',12),(58,'bd811fdc-f178-43de-abcd-542c64d33883','UPDATE','{}','{\"path\": \"/users/create_user\", \"method\": \"POST\", \"status\": 302, \"description\": \"User visited /users/create_user\"}','127.0.0.1','Mozilla/5.0 (Macintosh; Intel Mac OS X 10_15_7) AppleWebKit/537.36 (KHTML, like Gecko) Chrome/144.0.0.0 Safari/537.36','2026-02-16 10:04:58.934391','bd811fdcf17843deabcd542c64d33883',12),(59,'bd811fdc-f178-43de-abcd-542c64d33883','CREATE','{}','{\"path\": \"/users/\", \"method\": \"GET\", \"status\": 200, \"description\": \"User visited /users/\"}','127.0.0.1','Mozilla/5.0 (Macintosh; Intel Mac OS X 10_15_7) AppleWebKit/537.36 (KHTML, like Gecko) Chrome/144.0.0.0 Safari/537.36','2026-02-16 10:04:58.948670','bd811fdcf17843deabcd542c64d33883',12),(60,'bd811fdc-f178-43de-abcd-542c64d33883','CREATE','{}','{\"path\": \"/users/admin/logs/\", \"method\": \"GET\", \"status\": 200, \"description\": \"User visited /users/admin/logs/\"}','127.0.0.1','Mozilla/5.0 (Macintosh; Intel Mac OS X 10_15_7) AppleWebKit/537.36 (KHTML, like Gecko) Chrome/144.0.0.0 Safari/537.36','2026-02-16 10:05:04.463000','bd811fdcf17843deabcd542c64d33883',12),(61,'bd811fdc-f178-43de-abcd-542c64d33883','CREATE','{}','{\"path\": \"/users/admin/logs/\", \"method\": \"GET\", \"status\": 200, \"description\": \"User visited /users/admin/logs/\"}','127.0.0.1','Mozilla/5.0 (Macintosh; Intel Mac OS X 10_15_7) AppleWebKit/537.36 (KHTML, like Gecko) Chrome/144.0.0.0 Safari/537.36','2026-02-16 10:05:17.555932','bd811fdcf17843deabcd542c64d33883',12),(62,'bd811fdc-f178-43de-abcd-542c64d33883','CREATE','{}','{\"path\": \"/users/admin/logs/\", \"method\": \"GET\", \"status\": 200, \"description\": \"User visited /users/admin/logs/\"}','127.0.0.1','Mozilla/5.0 (Macintosh; Intel Mac OS X 10_15_7) AppleWebKit/537.36 (KHTML, like Gecko) Chrome/144.0.0.0 Safari/537.36','2026-02-16 10:05:19.593680','bd811fdcf17843deabcd542c64d33883',12),(63,'bd811fdc-f178-43de-abcd-542c64d33883','CREATE','{}','{\"path\": \"/users/admin/logs/\", \"method\": \"GET\", \"status\": 200, \"description\": \"User visited /users/admin/logs/\"}','127.0.0.1','Mozilla/5.0 (Macintosh; Intel Mac OS X 10_15_7) AppleWebKit/537.36 (KHTML, like Gecko) Chrome/144.0.0.0 Safari/537.36','2026-02-16 10:05:26.625269','bd811fdcf17843deabcd542c64d33883',12),(64,'bd811fdc-f178-43de-abcd-542c64d33883','CREATE','{}','{\"path\": \"/users/admin/logs/\", \"method\": \"GET\", \"status\": 200, \"description\": \"User visited /users/admin/logs/\"}','127.0.0.1','Mozilla/5.0 (Macintosh; Intel Mac OS X 10_15_7) AppleWebKit/537.36 (KHTML, like Gecko) Chrome/144.0.0.0 Safari/537.36','2026-02-16 10:05:28.686962','bd811fdcf17843deabcd542c64d33883',12),(65,'bd811fdc-f178-43de-abcd-542c64d33883','CREATE','{}','{\"path\": \"/users/admin/logs/\", \"method\": \"GET\", \"status\": 200, \"description\": \"User visited /users/admin/logs/\"}','127.0.0.1','Mozilla/5.0 (Macintosh; Intel Mac OS X 10_15_7) AppleWebKit/537.36 (KHTML, like Gecko) Chrome/144.0.0.0 Safari/537.36','2026-02-16 10:05:38.637630','bd811fdcf17843deabcd542c64d33883',12),(66,'bd811fdc-f178-43de-abcd-542c64d33883','CREATE','{}','{\"path\": \"/users/admin/logs/\", \"method\": \"GET\", \"status\": 200, \"description\": \"User visited /users/admin/logs/\"}','127.0.0.1','Mozilla/5.0 (Macintosh; Intel Mac OS X 10_15_7) AppleWebKit/537.36 (KHTML, like Gecko) Chrome/144.0.0.0 Safari/537.36','2026-02-16 10:05:44.111879','bd811fdcf17843deabcd542c64d33883',12),(67,'bd811fdc-f178-43de-abcd-542c64d33883','CREATE','{}','{\"path\": \"/users/admin/logs/\", \"method\": \"GET\", \"status\": 200, \"description\": \"User visited /users/admin/logs/\"}','127.0.0.1','Mozilla/5.0 (Macintosh; Intel Mac OS X 10_15_7) AppleWebKit/537.36 (KHTML, like Gecko) Chrome/144.0.0.0 Safari/537.36','2026-02-16 10:05:47.133102','bd811fdcf17843deabcd542c64d33883',12),(68,'bd811fdc-f178-43de-abcd-542c64d33883','CREATE','{}','{\"path\": \"/users/admin/logs/\", \"method\": \"GET\", \"status\": 200, \"description\": \"User visited /users/admin/logs/\"}','127.0.0.1','Mozilla/5.0 (Macintosh; Intel Mac OS X 10_15_7) AppleWebKit/537.36 (KHTML, like Gecko) Chrome/144.0.0.0 Safari/537.36','2026-02-16 10:05:51.156719','bd811fdcf17843deabcd542c64d33883',12),(69,'bd811fdc-f178-43de-abcd-542c64d33883','CREATE','{}','{\"path\": \"/users/\", \"method\": \"GET\", \"status\": 200, \"description\": \"User visited /users/\"}','127.0.0.1','Mozilla/5.0 (Macintosh; Intel Mac OS X 10_15_7) AppleWebKit/537.36 (KHTML, like Gecko) Chrome/144.0.0.0 Safari/537.36','2026-02-16 10:05:58.804386','bd811fdcf17843deabcd542c64d33883',12),(70,'bd811fdc-f178-43de-abcd-542c64d33883','CREATE','{}','{\"path\": \"/users/edit_form/db00b8ff-a4e3-4005-a62a-bf2f1fbe26a5/\", \"method\": \"GET\", \"status\": 200, \"description\": \"User visited /users/edit_form/db00b8ff-a4e3-4005-a62a-bf2f1fbe26a5/\"}','127.0.0.1','Mozilla/5.0 (Macintosh; Intel Mac OS X 10_15_7) AppleWebKit/537.36 (KHTML, like Gecko) Chrome/144.0.0.0 Safari/537.36','2026-02-16 10:06:05.153204','bd811fdcf17843deabcd542c64d33883',12),(71,'bd811fdc-f178-43de-abcd-542c64d33883','CREATE','{}','{\"path\": \"/media/profiles/Mohmammad_Elyas_Salihe_WmB5hDk.jpg\", \"method\": \"GET\", \"status\": 200, \"description\": \"User visited /media/profiles/Mohmammad_Elyas_Salihe_WmB5hDk.jpg\"}','127.0.0.1','Mozilla/5.0 (Macintosh; Intel Mac OS X 10_15_7) AppleWebKit/537.36 (KHTML, like Gecko) Chrome/144.0.0.0 Safari/537.36','2026-02-16 10:06:05.171408','bd811fdcf17843deabcd542c64d33883',12),(72,'bd811fdc-f178-43de-abcd-542c64d33883','CREATE','{}','{\"path\": \"/users/load_cities\", \"method\": \"GET\", \"status\": 200, \"description\": \"User visited /users/load_cities\"}','127.0.0.1','Mozilla/5.0 (Macintosh; Intel Mac OS X 10_15_7) AppleWebKit/537.36 (KHTML, like Gecko) Chrome/144.0.0.0 Safari/537.36','2026-02-16 10:06:05.213956','bd811fdcf17843deabcd542c64d33883',12),(73,'bd811fdc-f178-43de-abcd-542c64d33883','CREATE','{}','{\"path\": \"/users/load_districts\", \"method\": \"GET\", \"status\": 200, \"description\": \"User visited /users/load_districts\"}','127.0.0.1','Mozilla/5.0 (Macintosh; Intel Mac OS X 10_15_7) AppleWebKit/537.36 (KHTML, like Gecko) Chrome/144.0.0.0 Safari/537.36','2026-02-16 10:06:05.240887','bd811fdcf17843deabcd542c64d33883',12),(74,'bd811fdc-f178-43de-abcd-542c64d33883','UPDATE','{}','{\"path\": \"/users/update_user/db00b8ff-a4e3-4005-a62a-bf2f1fbe26a5/\", \"method\": \"POST\", \"status\": 302, \"description\": \"User visited /users/update_user/db00b8ff-a4e3-4005-a62a-bf2f1fbe26a5/\"}','127.0.0.1','Mozilla/5.0 (Macintosh; Intel Mac OS X 10_15_7) AppleWebKit/537.36 (KHTML, like Gecko) Chrome/144.0.0.0 Safari/537.36','2026-02-16 10:06:17.439811','bd811fdcf17843deabcd542c64d33883',12),(75,'bd811fdc-f178-43de-abcd-542c64d33883','CREATE','{}','{\"path\": \"/users/\", \"method\": \"GET\", \"status\": 200, \"description\": \"User visited /users/\"}','127.0.0.1','Mozilla/5.0 (Macintosh; Intel Mac OS X 10_15_7) AppleWebKit/537.36 (KHTML, like Gecko) Chrome/144.0.0.0 Safari/537.36','2026-02-16 10:06:17.446176','bd811fdcf17843deabcd542c64d33883',12),(76,'bd811fdc-f178-43de-abcd-542c64d33883','CREATE','{}','{\"path\": \"/users/admin/logs/\", \"method\": \"GET\", \"status\": 200, \"description\": \"User visited /users/admin/logs/\"}','127.0.0.1','Mozilla/5.0 (Macintosh; Intel Mac OS X 10_15_7) AppleWebKit/537.36 (KHTML, like Gecko) Chrome/144.0.0.0 Safari/537.36','2026-02-16 10:19:44.919653','bd811fdcf17843deabcd542c64d33883',12),(77,'bd811fdc-f178-43de-abcd-542c64d33883','UPDATE','{}','{\"path\": \"/login/\", \"method\": \"POST\", \"status\": 302, \"description\": \"User visited /login/\"}','127.0.0.1','Mozilla/5.0 (Macintosh; Intel Mac OS X 10_15_7) AppleWebKit/605.1.15 (KHTML, like Gecko) Version/26.2 Safari/605.1.15','2026-02-16 10:34:47.516416','bd811fdcf17843deabcd542c64d33883',12),(78,'bd811fdc-f178-43de-abcd-542c64d33883','CREATE','{}','{\"path\": \"/users/dashboard/\", \"method\": \"GET\", \"status\": 200, \"description\": \"User visited /users/dashboard/\"}','127.0.0.1','Mozilla/5.0 (Macintosh; Intel Mac OS X 10_15_7) AppleWebKit/605.1.15 (KHTML, like Gecko) Version/26.2 Safari/605.1.15','2026-02-16 10:34:47.530947','bd811fdcf17843deabcd542c64d33883',12),(79,'bd811fdc-f178-43de-abcd-542c64d33883','UPDATE','{}','{\"path\": \"/login/\", \"method\": \"POST\", \"status\": 302, \"description\": \"User visited /login/\"}','127.0.0.1','Mozilla/5.0 (Macintosh; Intel Mac OS X 10_15_7) AppleWebKit/537.36 (KHTML, like Gecko) Chrome/144.0.0.0 Safari/537.36','2026-02-16 10:35:15.320655','bd811fdcf17843deabcd542c64d33883',12),(80,'bd811fdc-f178-43de-abcd-542c64d33883','CREATE','{}','{\"path\": \"/users/dashboard/\", \"method\": \"GET\", \"status\": 200, \"description\": \"User visited /users/dashboard/\"}','127.0.0.1','Mozilla/5.0 (Macintosh; Intel Mac OS X 10_15_7) AppleWebKit/537.36 (KHTML, like Gecko) Chrome/144.0.0.0 Safari/537.36','2026-02-16 10:35:15.331256','bd811fdcf17843deabcd542c64d33883',12),(81,'bd811fdc-f178-43de-abcd-542c64d33883','CREATE','{}','{\"path\": \"/adminPanel/dashboard/\", \"method\": \"GET\", \"status\": 200, \"description\": \"User visited /adminPanel/dashboard/\"}','127.0.0.1','Mozilla/5.0 (Macintosh; Intel Mac OS X 10_15_7) AppleWebKit/537.36 (KHTML, like Gecko) Chrome/144.0.0.0 Safari/537.36','2026-02-16 10:35:21.012464','bd811fdcf17843deabcd542c64d33883',12),(82,'bd811fdc-f178-43de-abcd-542c64d33883','CREATE','{}','{\"path\": \"/adminPanel/dashboard/\", \"method\": \"GET\", \"status\": 200, \"description\": \"User visited /adminPanel/dashboard/\"}','127.0.0.1','Mozilla/5.0 (Macintosh; Intel Mac OS X 10_15_7) AppleWebKit/537.36 (KHTML, like Gecko) Chrome/144.0.0.0 Safari/537.36','2026-02-16 10:35:34.472701','bd811fdcf17843deabcd542c64d33883',12),(83,'bd811fdc-f178-43de-abcd-542c64d33883','UPDATE','{}','{\"path\": \"/login/\", \"method\": \"POST\", \"status\": 302, \"description\": \"User visited /login/\"}','127.0.0.1','Mozilla/5.0 (Macintosh; Intel Mac OS X 10_15_7) AppleWebKit/537.36 (KHTML, like Gecko) Chrome/144.0.0.0 Safari/537.36','2026-02-16 10:35:54.080181','bd811fdcf17843deabcd542c64d33883',12),(84,'bd811fdc-f178-43de-abcd-542c64d33883','CREATE','{}','{\"path\": \"/users/dashboard/\", \"method\": \"GET\", \"status\": 200, \"description\": \"User visited /users/dashboard/\"}','127.0.0.1','Mozilla/5.0 (Macintosh; Intel Mac OS X 10_15_7) AppleWebKit/537.36 (KHTML, like Gecko) Chrome/144.0.0.0 Safari/537.36','2026-02-16 10:35:54.093056','bd811fdcf17843deabcd542c64d33883',12),(85,'bd811fdc-f178-43de-abcd-542c64d33883','UPDATE','{}','{\"path\": \"/login/\", \"method\": \"POST\", \"status\": 302, \"description\": \"User visited /login/\"}','127.0.0.1','Mozilla/5.0 (Macintosh; Intel Mac OS X 10_15_7) AppleWebKit/537.36 (KHTML, like Gecko) Chrome/144.0.0.0 Safari/537.36','2026-02-16 10:45:27.134565','bd811fdcf17843deabcd542c64d33883',12),(86,'bd811fdc-f178-43de-abcd-542c64d33883','CREATE','{}','{\"path\": \"/adminPanel/dashboard/\", \"method\": \"GET\", \"status\": 200, \"description\": \"User visited /adminPanel/dashboard/\"}','127.0.0.1','Mozilla/5.0 (Macintosh; Intel Mac OS X 10_15_7) AppleWebKit/537.36 (KHTML, like Gecko) Chrome/144.0.0.0 Safari/537.36','2026-02-16 10:45:27.154350','bd811fdcf17843deabcd542c64d33883',12),(87,'bd811fdc-f178-43de-abcd-542c64d33883','CREATE','{}','{\"path\": \"/users/\", \"method\": \"GET\", \"status\": 200, \"description\": \"User visited /users/\"}','127.0.0.1','Mozilla/5.0 (Macintosh; Intel Mac OS X 10_15_7) AppleWebKit/537.36 (KHTML, like Gecko) Chrome/144.0.0.0 Safari/537.36','2026-02-16 10:45:33.965151','bd811fdcf17843deabcd542c64d33883',12),(88,'bd811fdc-f178-43de-abcd-542c64d33883','CREATE','{}','{\"path\": \"/users/edit_form/db00b8ff-a4e3-4005-a62a-bf2f1fbe26a5/\", \"method\": \"GET\", \"status\": 200, \"description\": \"User visited /users/edit_form/db00b8ff-a4e3-4005-a62a-bf2f1fbe26a5/\"}','127.0.0.1','Mozilla/5.0 (Macintosh; Intel Mac OS X 10_15_7) AppleWebKit/537.36 (KHTML, like Gecko) Chrome/144.0.0.0 Safari/537.36','2026-02-16 10:45:35.554363','bd811fdcf17843deabcd542c64d33883',12),(89,'bd811fdc-f178-43de-abcd-542c64d33883','CREATE','{}','{\"path\": \"/media/profiles/Mohmammad_Elyas_Salihe_WmB5hDk.jpg\", \"method\": \"GET\", \"status\": 200, \"description\": \"User visited /media/profiles/Mohmammad_Elyas_Salihe_WmB5hDk.jpg\"}','127.0.0.1','Mozilla/5.0 (Macintosh; Intel Mac OS X 10_15_7) AppleWebKit/537.36 (KHTML, like Gecko) Chrome/144.0.0.0 Safari/537.36','2026-02-16 10:45:35.576749','bd811fdcf17843deabcd542c64d33883',12),(90,'bd811fdc-f178-43de-abcd-542c64d33883','CREATE','{}','{\"path\": \"/users/load_cities\", \"method\": \"GET\", \"status\": 200, \"description\": \"User visited /users/load_cities\"}','127.0.0.1','Mozilla/5.0 (Macintosh; Intel Mac OS X 10_15_7) AppleWebKit/537.36 (KHTML, like Gecko) Chrome/144.0.0.0 Safari/537.36','2026-02-16 10:45:35.600400','bd811fdcf17843deabcd542c64d33883',12),(91,'bd811fdc-f178-43de-abcd-542c64d33883','CREATE','{}','{\"path\": \"/users/load_districts\", \"method\": \"GET\", \"status\": 200, \"description\": \"User visited /users/load_districts\"}','127.0.0.1','Mozilla/5.0 (Macintosh; Intel Mac OS X 10_15_7) AppleWebKit/537.36 (KHTML, like Gecko) Chrome/144.0.0.0 Safari/537.36','2026-02-16 10:45:35.611119','bd811fdcf17843deabcd542c64d33883',12),(92,'bd811fdc-f178-43de-abcd-542c64d33883','UPDATE','{}','{\"path\": \"/users/update_user/db00b8ff-a4e3-4005-a62a-bf2f1fbe26a5/\", \"method\": \"POST\", \"status\": 302, \"description\": \"User visited /users/update_user/db00b8ff-a4e3-4005-a62a-bf2f1fbe26a5/\"}','127.0.0.1','Mozilla/5.0 (Macintosh; Intel Mac OS X 10_15_7) AppleWebKit/537.36 (KHTML, like Gecko) Chrome/144.0.0.0 Safari/537.36','2026-02-16 10:45:46.551430','bd811fdcf17843deabcd542c64d33883',12),(93,'bd811fdc-f178-43de-abcd-542c64d33883','CREATE','{}','{\"path\": \"/users/\", \"method\": \"GET\", \"status\": 200, \"description\": \"User visited /users/\"}','127.0.0.1','Mozilla/5.0 (Macintosh; Intel Mac OS X 10_15_7) AppleWebKit/537.36 (KHTML, like Gecko) Chrome/144.0.0.0 Safari/537.36','2026-02-16 10:45:46.561355','bd811fdcf17843deabcd542c64d33883',12),(94,'db00b8ff-a4e3-4005-a62a-bf2f1fbe26a5','UPDATE','{}','{\"path\": \"/login/\", \"method\": \"POST\", \"status\": 302, \"description\": \"User visited /login/\"}','127.0.0.1','Mozilla/5.0 (Macintosh; Intel Mac OS X 10_15_7) AppleWebKit/537.36 (KHTML, like Gecko) Chrome/144.0.0.0 Safari/537.36','2026-02-16 10:46:05.455954','db00b8ffa4e34005a62abf2f1fbe26a5',12),(95,'db00b8ff-a4e3-4005-a62a-bf2f1fbe26a5','CREATE','{}','{\"path\": \"/users/dashboard/\", \"method\": \"GET\", \"status\": 200, \"description\": \"User visited /users/dashboard/\"}','127.0.0.1','Mozilla/5.0 (Macintosh; Intel Mac OS X 10_15_7) AppleWebKit/537.36 (KHTML, like Gecko) Chrome/144.0.0.0 Safari/537.36','2026-02-16 10:46:05.466114','db00b8ffa4e34005a62abf2f1fbe26a5',12),(96,'db00b8ff-a4e3-4005-a62a-bf2f1fbe26a5','CREATE','{}','{\"path\": \"/media/profiles/Mohmammad_Elyas_Salihe_WmB5hDk.jpg\", \"method\": \"GET\", \"status\": 200, \"description\": \"User visited /media/profiles/Mohmammad_Elyas_Salihe_WmB5hDk.jpg\"}','127.0.0.1','Mozilla/5.0 (Macintosh; Intel Mac OS X 10_15_7) AppleWebKit/537.36 (KHTML, like Gecko) Chrome/144.0.0.0 Safari/537.36','2026-02-16 10:46:05.481806','db00b8ffa4e34005a62abf2f1fbe26a5',12),(97,'db00b8ff-a4e3-4005-a62a-bf2f1fbe26a5','CREATE','{}','{\"path\": \"/searching_skills/\", \"method\": \"GET\", \"status\": 200, \"description\": \"User visited /searching_skills/\"}','127.0.0.1','Mozilla/5.0 (Macintosh; Intel Mac OS X 10_15_7) AppleWebKit/537.36 (KHTML, like Gecko) Chrome/144.0.0.0 Safari/537.36','2026-02-16 10:46:14.951186','db00b8ffa4e34005a62abf2f1fbe26a5',12),(98,'db00b8ff-a4e3-4005-a62a-bf2f1fbe26a5','CREATE','{}','{\"path\": \"/users/user_skill/\", \"method\": \"GET\", \"status\": 200, \"description\": \"User visited /users/user_skill/\"}','127.0.0.1','Mozilla/5.0 (Macintosh; Intel Mac OS X 10_15_7) AppleWebKit/537.36 (KHTML, like Gecko) Chrome/144.0.0.0 Safari/537.36','2026-02-16 10:46:16.720347','db00b8ffa4e34005a62abf2f1fbe26a5',12),(99,'db00b8ff-a4e3-4005-a62a-bf2f1fbe26a5','UPDATE','{}','{\"path\": \"/login/\", \"method\": \"POST\", \"status\": 302, \"description\": \"User visited /login/\"}','127.0.0.1','Mozilla/5.0 (Macintosh; Intel Mac OS X 10_15_7) AppleWebKit/537.36 (KHTML, like Gecko) Chrome/144.0.0.0 Safari/537.36','2026-02-16 10:46:43.506161','db00b8ffa4e34005a62abf2f1fbe26a5',12),(100,'db00b8ff-a4e3-4005-a62a-bf2f1fbe26a5','CREATE','{}','{\"path\": \"/users/dashboard/\", \"method\": \"GET\", \"status\": 200, \"description\": \"User visited /users/dashboard/\"}','127.0.0.1','Mozilla/5.0 (Macintosh; Intel Mac OS X 10_15_7) AppleWebKit/537.36 (KHTML, like Gecko) Chrome/144.0.0.0 Safari/537.36','2026-02-16 10:46:43.515608','db00b8ffa4e34005a62abf2f1fbe26a5',12),(101,'db00b8ff-a4e3-4005-a62a-bf2f1fbe26a5','CREATE','{}','{\"path\": \"/media/profiles/Mohmammad_Elyas_Salihe_WmB5hDk.jpg\", \"method\": \"GET\", \"status\": 200, \"description\": \"User visited /media/profiles/Mohmammad_Elyas_Salihe_WmB5hDk.jpg\"}','127.0.0.1','Mozilla/5.0 (Macintosh; Intel Mac OS X 10_15_7) AppleWebKit/537.36 (KHTML, like Gecko) Chrome/144.0.0.0 Safari/537.36','2026-02-16 10:46:43.532967','db00b8ffa4e34005a62abf2f1fbe26a5',12),(102,'db00b8ff-a4e3-4005-a62a-bf2f1fbe26a5','CREATE','{}','{\"path\": \"/users/user_skill/\", \"method\": \"GET\", \"status\": 200, \"description\": \"User visited /users/user_skill/\"}','127.0.0.1','Mozilla/5.0 (Macintosh; Intel Mac OS X 10_15_7) AppleWebKit/537.36 (KHTML, like Gecko) Chrome/144.0.0.0 Safari/537.36','2026-02-16 10:46:46.125641','db00b8ffa4e34005a62abf2f1fbe26a5',12),(103,'db00b8ff-a4e3-4005-a62a-bf2f1fbe26a5','CREATE','{}','{\"path\": \"/users/load_skills\", \"method\": \"GET\", \"status\": 200, \"description\": \"User visited /users/load_skills\"}','127.0.0.1','Mozilla/5.0 (Macintosh; Intel Mac OS X 10_15_7) AppleWebKit/537.36 (KHTML, like Gecko) Chrome/144.0.0.0 Safari/537.36','2026-02-16 10:46:50.508183','db00b8ffa4e34005a62abf2f1fbe26a5',12),(104,'db00b8ff-a4e3-4005-a62a-bf2f1fbe26a5','UPDATE','{}','{\"path\": \"/users/user_skill_create\", \"method\": \"POST\", \"status\": 302, \"description\": \"User visited /users/user_skill_create\"}','127.0.0.1','Mozilla/5.0 (Macintosh; Intel Mac OS X 10_15_7) AppleWebKit/537.36 (KHTML, like Gecko) Chrome/144.0.0.0 Safari/537.36','2026-02-16 10:46:56.193541','db00b8ffa4e34005a62abf2f1fbe26a5',12),(105,'db00b8ff-a4e3-4005-a62a-bf2f1fbe26a5','CREATE','{}','{\"path\": \"/users/user_skill/\", \"method\": \"GET\", \"status\": 200, \"description\": \"User visited /users/user_skill/\"}','127.0.0.1','Mozilla/5.0 (Macintosh; Intel Mac OS X 10_15_7) AppleWebKit/537.36 (KHTML, like Gecko) Chrome/144.0.0.0 Safari/537.36','2026-02-16 10:46:56.289715','db00b8ffa4e34005a62abf2f1fbe26a5',12),(106,'db00b8ff-a4e3-4005-a62a-bf2f1fbe26a5','CREATE','{}','{\"path\": \"/skill/exchanges\", \"method\": \"GET\", \"status\": 200, \"description\": \"User visited /skill/exchanges\"}','127.0.0.1','Mozilla/5.0 (Macintosh; Intel Mac OS X 10_15_7) AppleWebKit/537.36 (KHTML, like Gecko) Chrome/144.0.0.0 Safari/537.36','2026-02-16 10:46:58.292772','db00b8ffa4e34005a62abf2f1fbe26a5',12),(107,'db00b8ff-a4e3-4005-a62a-bf2f1fbe26a5','UPDATE','{}','{\"path\": \"/skill/exchanges/create_exchange_request/\", \"method\": \"POST\", \"status\": 302, \"description\": \"User visited /skill/exchanges/create_exchange_request/\"}','127.0.0.1','Mozilla/5.0 (Macintosh; Intel Mac OS X 10_15_7) AppleWebKit/537.36 (KHTML, like Gecko) Chrome/144.0.0.0 Safari/537.36','2026-02-16 10:48:22.447181','db00b8ffa4e34005a62abf2f1fbe26a5',12),(108,'db00b8ff-a4e3-4005-a62a-bf2f1fbe26a5','CREATE','{}','{\"path\": \"/skill/exchanges\", \"method\": \"GET\", \"status\": 200, \"description\": \"User visited /skill/exchanges\"}','127.0.0.1','Mozilla/5.0 (Macintosh; Intel Mac OS X 10_15_7) AppleWebKit/537.36 (KHTML, like Gecko) Chrome/144.0.0.0 Safari/537.36','2026-02-16 10:48:22.484402','db00b8ffa4e34005a62abf2f1fbe26a5',12),(109,'db00b8ff-a4e3-4005-a62a-bf2f1fbe26a5','CREATE','{}','{\"path\": \"/skill/swap_skill\", \"method\": \"GET\", \"status\": 200, \"description\": \"User visited /skill/swap_skill\"}','127.0.0.1','Mozilla/5.0 (Macintosh; Intel Mac OS X 10_15_7) AppleWebKit/537.36 (KHTML, like Gecko) Chrome/144.0.0.0 Safari/537.36','2026-02-16 10:48:27.102410','db00b8ffa4e34005a62abf2f1fbe26a5',12),(110,'db00b8ff-a4e3-4005-a62a-bf2f1fbe26a5','UPDATE','{}','{\"path\": \"/login/\", \"method\": \"POST\", \"status\": 302, \"description\": \"User visited /login/\"}','127.0.0.1','Mozilla/5.0 (Macintosh; Intel Mac OS X 10_15_7) AppleWebKit/537.36 (KHTML, like Gecko) Chrome/144.0.0.0 Safari/537.36','2026-02-16 10:50:27.708555','db00b8ffa4e34005a62abf2f1fbe26a5',12),(111,'db00b8ff-a4e3-4005-a62a-bf2f1fbe26a5','CREATE','{}','{\"path\": \"/users/dashboard/\", \"method\": \"GET\", \"status\": 200, \"description\": \"User visited /users/dashboard/\"}','127.0.0.1','Mozilla/5.0 (Macintosh; Intel Mac OS X 10_15_7) AppleWebKit/537.36 (KHTML, like Gecko) Chrome/144.0.0.0 Safari/537.36','2026-02-16 10:50:27.717632','db00b8ffa4e34005a62abf2f1fbe26a5',12),(112,'db00b8ff-a4e3-4005-a62a-bf2f1fbe26a5','CREATE','{}','{\"path\": \"/media/profiles/Mohmammad_Elyas_Salihe_WmB5hDk.jpg\", \"method\": \"GET\", \"status\": 200, \"description\": \"User visited /media/profiles/Mohmammad_Elyas_Salihe_WmB5hDk.jpg\"}','127.0.0.1','Mozilla/5.0 (Macintosh; Intel Mac OS X 10_15_7) AppleWebKit/537.36 (KHTML, like Gecko) Chrome/144.0.0.0 Safari/537.36','2026-02-16 10:50:27.731375','db00b8ffa4e34005a62abf2f1fbe26a5',12),(113,'db00b8ff-a4e3-4005-a62a-bf2f1fbe26a5','CREATE','{}','{\"path\": \"/users/profile/db00b8ff-a4e3-4005-a62a-bf2f1fbe26a5/\", \"method\": \"GET\", \"status\": 200, \"description\": \"User visited /users/profile/db00b8ff-a4e3-4005-a62a-bf2f1fbe26a5/\"}','127.0.0.1','Mozilla/5.0 (Macintosh; Intel Mac OS X 10_15_7) AppleWebKit/537.36 (KHTML, like Gecko) Chrome/144.0.0.0 Safari/537.36','2026-02-16 10:50:31.305933','db00b8ffa4e34005a62abf2f1fbe26a5',12),(114,'db00b8ff-a4e3-4005-a62a-bf2f1fbe26a5','CREATE','{}','{\"path\": \"/users/load_cities\", \"method\": \"GET\", \"status\": 200, \"description\": \"User visited /users/load_cities\"}','127.0.0.1','Mozilla/5.0 (Macintosh; Intel Mac OS X 10_15_7) AppleWebKit/537.36 (KHTML, like Gecko) Chrome/144.0.0.0 Safari/537.36','2026-02-16 10:50:31.369806','db00b8ffa4e34005a62abf2f1fbe26a5',12),(115,'db00b8ff-a4e3-4005-a62a-bf2f1fbe26a5','CREATE','{}','{\"path\": \"/users/load_districts\", \"method\": \"GET\", \"status\": 200, \"description\": \"User visited /users/load_districts\"}','127.0.0.1','Mozilla/5.0 (Macintosh; Intel Mac OS X 10_15_7) AppleWebKit/537.36 (KHTML, like Gecko) Chrome/144.0.0.0 Safari/537.36','2026-02-16 10:50:31.392543','db00b8ffa4e34005a62abf2f1fbe26a5',12),(116,'db00b8ff-a4e3-4005-a62a-bf2f1fbe26a5','CREATE','{}','{\"path\": \"/users/user_skill/\", \"method\": \"GET\", \"status\": 200, \"description\": \"User visited /users/user_skill/\"}','127.0.0.1','Mozilla/5.0 (Macintosh; Intel Mac OS X 10_15_7) AppleWebKit/537.36 (KHTML, like Gecko) Chrome/144.0.0.0 Safari/537.36','2026-02-16 10:50:50.276773','db00b8ffa4e34005a62abf2f1fbe26a5',12),(117,'db00b8ff-a4e3-4005-a62a-bf2f1fbe26a5','CREATE','{}','{\"path\": \"/skill/exchanges\", \"method\": \"GET\", \"status\": 200, \"description\": \"User visited /skill/exchanges\"}','127.0.0.1','Mozilla/5.0 (Macintosh; Intel Mac OS X 10_15_7) AppleWebKit/537.36 (KHTML, like Gecko) Chrome/144.0.0.0 Safari/537.36','2026-02-16 10:50:51.839231','db00b8ffa4e34005a62abf2f1fbe26a5',12),(118,'dee64888-0bee-4b48-a369-3c5ff8647ec2','UPDATE','{}','{\"path\": \"/users/register/\", \"method\": \"POST\", \"status\": 302, \"description\": \"User visited /users/register/\"}','127.0.0.1','Mozilla/5.0 (Macintosh; Intel Mac OS X 10_15_7) AppleWebKit/537.36 (KHTML, like Gecko) Chrome/144.0.0.0 Safari/537.36','2026-02-16 10:52:50.101337','dee648880bee4b48a3693c5ff8647ec2',12),(119,'dee64888-0bee-4b48-a369-3c5ff8647ec2','CREATE','{}','{\"path\": \"/users/dashboard/\", \"method\": \"GET\", \"status\": 200, \"description\": \"User visited /users/dashboard/\"}','127.0.0.1','Mozilla/5.0 (Macintosh; Intel Mac OS X 10_15_7) AppleWebKit/537.36 (KHTML, like Gecko) Chrome/144.0.0.0 Safari/537.36','2026-02-16 10:52:50.110514','dee648880bee4b48a3693c5ff8647ec2',12),(120,'dee64888-0bee-4b48-a369-3c5ff8647ec2','CREATE','{}','{\"path\": \"/users/profile/dee64888-0bee-4b48-a369-3c5ff8647ec2/\", \"method\": \"GET\", \"status\": 200, \"description\": \"User visited /users/profile/dee64888-0bee-4b48-a369-3c5ff8647ec2/\"}','127.0.0.1','Mozilla/5.0 (Macintosh; Intel Mac OS X 10_15_7) AppleWebKit/537.36 (KHTML, like Gecko) Chrome/144.0.0.0 Safari/537.36','2026-02-16 10:52:57.576815','dee648880bee4b48a3693c5ff8647ec2',12),(121,'dee64888-0bee-4b48-a369-3c5ff8647ec2','CREATE','{}','{\"path\": \"/users/load_cities\", \"method\": \"GET\", \"status\": 200, \"description\": \"User visited /users/load_cities\"}','127.0.0.1','Mozilla/5.0 (Macintosh; Intel Mac OS X 10_15_7) AppleWebKit/537.36 (KHTML, like Gecko) Chrome/144.0.0.0 Safari/537.36','2026-02-16 10:53:44.432988','dee648880bee4b48a3693c5ff8647ec2',12),(122,'dee64888-0bee-4b48-a369-3c5ff8647ec2','CREATE','{}','{\"path\": \"/users/load_districts\", \"method\": \"GET\", \"status\": 200, \"description\": \"User visited /users/load_districts\"}','127.0.0.1','Mozilla/5.0 (Macintosh; Intel Mac OS X 10_15_7) AppleWebKit/537.36 (KHTML, like Gecko) Chrome/144.0.0.0 Safari/537.36','2026-02-16 10:53:46.805070','dee648880bee4b48a3693c5ff8647ec2',12),(123,'dee64888-0bee-4b48-a369-3c5ff8647ec2','UPDATE','{}','{\"path\": \"/users/update_user_profile/dee64888-0bee-4b48-a369-3c5ff8647ec2/\", \"method\": \"POST\", \"status\": 302, \"description\": \"User visited /users/update_user_profile/dee64888-0bee-4b48-a369-3c5ff8647ec2/\"}','127.0.0.1','Mozilla/5.0 (Macintosh; Intel Mac OS X 10_15_7) AppleWebKit/537.36 (KHTML, like Gecko) Chrome/144.0.0.0 Safari/537.36','2026-02-16 10:53:55.541114','dee648880bee4b48a3693c5ff8647ec2',12),(124,'dee64888-0bee-4b48-a369-3c5ff8647ec2','UPDATE','{}','{\"path\": \"/login/\", \"method\": \"POST\", \"status\": 302, \"description\": \"User visited /login/\"}','127.0.0.1','Mozilla/5.0 (Macintosh; Intel Mac OS X 10_15_7) AppleWebKit/537.36 (KHTML, like Gecko) Chrome/144.0.0.0 Safari/537.36','2026-02-16 10:54:05.407799','dee648880bee4b48a3693c5ff8647ec2',12),(125,'dee64888-0bee-4b48-a369-3c5ff8647ec2','CREATE','{}','{\"path\": \"/users/dashboard/\", \"method\": \"GET\", \"status\": 200, \"description\": \"User visited /users/dashboard/\"}','127.0.0.1','Mozilla/5.0 (Macintosh; Intel Mac OS X 10_15_7) AppleWebKit/537.36 (KHTML, like Gecko) Chrome/144.0.0.0 Safari/537.36','2026-02-16 10:54:05.417360','dee648880bee4b48a3693c5ff8647ec2',12),(126,'dee64888-0bee-4b48-a369-3c5ff8647ec2','CREATE','{}','{\"path\": \"/users/profile/dee64888-0bee-4b48-a369-3c5ff8647ec2/\", \"method\": \"GET\", \"status\": 200, \"description\": \"User visited /users/profile/dee64888-0bee-4b48-a369-3c5ff8647ec2/\"}','127.0.0.1','Mozilla/5.0 (Macintosh; Intel Mac OS X 10_15_7) AppleWebKit/537.36 (KHTML, like Gecko) Chrome/144.0.0.0 Safari/537.36','2026-02-16 10:54:08.265485','dee648880bee4b48a3693c5ff8647ec2',12),(127,'dee64888-0bee-4b48-a369-3c5ff8647ec2','CREATE','{}','{\"path\": \"/users/load_cities\", \"method\": \"GET\", \"status\": 200, \"description\": \"User visited /users/load_cities\"}','127.0.0.1','Mozilla/5.0 (Macintosh; Intel Mac OS X 10_15_7) AppleWebKit/537.36 (KHTML, like Gecko) Chrome/144.0.0.0 Safari/537.36','2026-02-16 10:54:08.333327','dee648880bee4b48a3693c5ff8647ec2',12),(128,'dee64888-0bee-4b48-a369-3c5ff8647ec2','CREATE','{}','{\"path\": \"/users/load_districts\", \"method\": \"GET\", \"status\": 200, \"description\": \"User visited /users/load_districts\"}','127.0.0.1','Mozilla/5.0 (Macintosh; Intel Mac OS X 10_15_7) AppleWebKit/537.36 (KHTML, like Gecko) Chrome/144.0.0.0 Safari/537.36','2026-02-16 10:54:08.355239','dee648880bee4b48a3693c5ff8647ec2',12),(129,'dee64888-0bee-4b48-a369-3c5ff8647ec2','UPDATE','{}','{\"path\": \"/users/update_user_profile/dee64888-0bee-4b48-a369-3c5ff8647ec2/\", \"method\": \"POST\", \"status\": 302, \"description\": \"User visited /users/update_user_profile/dee64888-0bee-4b48-a369-3c5ff8647ec2/\"}','127.0.0.1','Mozilla/5.0 (Macintosh; Intel Mac OS X 10_15_7) AppleWebKit/537.36 (KHTML, like Gecko) Chrome/144.0.0.0 Safari/537.36','2026-02-16 10:54:17.368529','dee648880bee4b48a3693c5ff8647ec2',12),(130,'dee64888-0bee-4b48-a369-3c5ff8647ec2','CREATE','{}','{\"path\": \"/users/profile/dee64888-0bee-4b48-a369-3c5ff8647ec2/\", \"method\": \"GET\", \"status\": 200, \"description\": \"User visited /users/profile/dee64888-0bee-4b48-a369-3c5ff8647ec2/\"}','127.0.0.1','Mozilla/5.0 (Macintosh; Intel Mac OS X 10_15_7) AppleWebKit/537.36 (KHTML, like Gecko) Chrome/144.0.0.0 Safari/537.36','2026-02-16 10:54:17.384278','dee648880bee4b48a3693c5ff8647ec2',12),(131,'dee64888-0bee-4b48-a369-3c5ff8647ec2','CREATE','{}','{\"path\": \"/media/profiles/Muddaser-Salihe_1pqEgSg.jpg\", \"method\": \"GET\", \"status\": 200, \"description\": \"User visited /media/profiles/Muddaser-Salihe_1pqEgSg.jpg\"}','127.0.0.1','Mozilla/5.0 (Macintosh; Intel Mac OS X 10_15_7) AppleWebKit/537.36 (KHTML, like Gecko) Chrome/144.0.0.0 Safari/537.36','2026-02-16 10:54:17.400510','dee648880bee4b48a3693c5ff8647ec2',12),(132,'dee64888-0bee-4b48-a369-3c5ff8647ec2','CREATE','{}','{\"path\": \"/users/load_cities\", \"method\": \"GET\", \"status\": 200, \"description\": \"User visited /users/load_cities\"}','127.0.0.1','Mozilla/5.0 (Macintosh; Intel Mac OS X 10_15_7) AppleWebKit/537.36 (KHTML, like Gecko) Chrome/144.0.0.0 Safari/537.36','2026-02-16 10:54:17.433242','dee648880bee4b48a3693c5ff8647ec2',12),(133,'dee64888-0bee-4b48-a369-3c5ff8647ec2','CREATE','{}','{\"path\": \"/users/load_districts\", \"method\": \"GET\", \"status\": 200, \"description\": \"User visited /users/load_districts\"}','127.0.0.1','Mozilla/5.0 (Macintosh; Intel Mac OS X 10_15_7) AppleWebKit/537.36 (KHTML, like Gecko) Chrome/144.0.0.0 Safari/537.36','2026-02-16 10:54:17.451460','dee648880bee4b48a3693c5ff8647ec2',12),(134,'dee64888-0bee-4b48-a369-3c5ff8647ec2','CREATE','{}','{\"path\": \"/searching_skills/\", \"method\": \"GET\", \"status\": 200, \"description\": \"User visited /searching_skills/\"}','127.0.0.1','Mozilla/5.0 (Macintosh; Intel Mac OS X 10_15_7) AppleWebKit/537.36 (KHTML, like Gecko) Chrome/144.0.0.0 Safari/537.36','2026-02-16 10:55:01.240662','dee648880bee4b48a3693c5ff8647ec2',12),(135,'dee64888-0bee-4b48-a369-3c5ff8647ec2','CREATE','{}','{\"path\": \"/media/profiles/Muddaser-Salihe_1pqEgSg.jpg\", \"method\": \"GET\", \"status\": 304, \"description\": \"User visited /media/profiles/Muddaser-Salihe_1pqEgSg.jpg\"}','127.0.0.1','Mozilla/5.0 (Macintosh; Intel Mac OS X 10_15_7) AppleWebKit/537.36 (KHTML, like Gecko) Chrome/144.0.0.0 Safari/537.36','2026-02-16 10:55:01.260911','dee648880bee4b48a3693c5ff8647ec2',12),(136,'dee64888-0bee-4b48-a369-3c5ff8647ec2','CREATE','{}','{\"path\": \"/users/user_skill/\", \"method\": \"GET\", \"status\": 200, \"description\": \"User visited /users/user_skill/\"}','127.0.0.1','Mozilla/5.0 (Macintosh; Intel Mac OS X 10_15_7) AppleWebKit/537.36 (KHTML, like Gecko) Chrome/144.0.0.0 Safari/537.36','2026-02-16 10:55:12.939535','dee648880bee4b48a3693c5ff8647ec2',12),(137,'dee64888-0bee-4b48-a369-3c5ff8647ec2','CREATE','{}','{\"path\": \"/media/profiles/Muddaser-Salihe_1pqEgSg.jpg\", \"method\": \"GET\", \"status\": 304, \"description\": \"User visited /media/profiles/Muddaser-Salihe_1pqEgSg.jpg\"}','127.0.0.1','Mozilla/5.0 (Macintosh; Intel Mac OS X 10_15_7) AppleWebKit/537.36 (KHTML, like Gecko) Chrome/144.0.0.0 Safari/537.36','2026-02-16 10:55:12.964015','dee648880bee4b48a3693c5ff8647ec2',12),(138,'dee64888-0bee-4b48-a369-3c5ff8647ec2','CREATE','{}','{\"path\": \"/users/load_skills\", \"method\": \"GET\", \"status\": 200, \"description\": \"User visited /users/load_skills\"}','127.0.0.1','Mozilla/5.0 (Macintosh; Intel Mac OS X 10_15_7) AppleWebKit/537.36 (KHTML, like Gecko) Chrome/144.0.0.0 Safari/537.36','2026-02-16 10:55:21.870684','dee648880bee4b48a3693c5ff8647ec2',12),(139,'dee64888-0bee-4b48-a369-3c5ff8647ec2','UPDATE','{}','{\"path\": \"/users/user_skill_create\", \"method\": \"POST\", \"status\": 302, \"description\": \"User visited /users/user_skill_create\"}','127.0.0.1','Mozilla/5.0 (Macintosh; Intel Mac OS X 10_15_7) AppleWebKit/537.36 (KHTML, like Gecko) Chrome/144.0.0.0 Safari/537.36','2026-02-16 10:55:27.426869','dee648880bee4b48a3693c5ff8647ec2',12),(140,'dee64888-0bee-4b48-a369-3c5ff8647ec2','CREATE','{}','{\"path\": \"/users/user_skill/\", \"method\": \"GET\", \"status\": 200, \"description\": \"User visited /users/user_skill/\"}','127.0.0.1','Mozilla/5.0 (Macintosh; Intel Mac OS X 10_15_7) AppleWebKit/537.36 (KHTML, like Gecko) Chrome/144.0.0.0 Safari/537.36','2026-02-16 10:55:27.522574','dee648880bee4b48a3693c5ff8647ec2',12),(141,'dee64888-0bee-4b48-a369-3c5ff8647ec2','CREATE','{}','{\"path\": \"/media/profiles/Muddaser-Salihe_1pqEgSg.jpg\", \"method\": \"GET\", \"status\": 304, \"description\": \"User visited /media/profiles/Muddaser-Salihe_1pqEgSg.jpg\"}','127.0.0.1','Mozilla/5.0 (Macintosh; Intel Mac OS X 10_15_7) AppleWebKit/537.36 (KHTML, like Gecko) Chrome/144.0.0.0 Safari/537.36','2026-02-16 10:55:27.541182','dee648880bee4b48a3693c5ff8647ec2',12),(142,'dee64888-0bee-4b48-a369-3c5ff8647ec2','CREATE','{}','{\"path\": \"/skill/exchanges\", \"method\": \"GET\", \"status\": 200, \"description\": \"User visited /skill/exchanges\"}','127.0.0.1','Mozilla/5.0 (Macintosh; Intel Mac OS X 10_15_7) AppleWebKit/537.36 (KHTML, like Gecko) Chrome/144.0.0.0 Safari/537.36','2026-02-16 10:55:28.313561','dee648880bee4b48a3693c5ff8647ec2',12),(143,'dee64888-0bee-4b48-a369-3c5ff8647ec2','UPDATE','{}','{\"path\": \"/skill/exchanges/create_exchange_request/\", \"method\": \"POST\", \"status\": 302, \"description\": \"User visited /skill/exchanges/create_exchange_request/\"}','127.0.0.1','Mozilla/5.0 (Macintosh; Intel Mac OS X 10_15_7) AppleWebKit/537.36 (KHTML, like Gecko) Chrome/144.0.0.0 Safari/537.36','2026-02-16 10:56:28.962684','dee648880bee4b48a3693c5ff8647ec2',12),(144,'dee64888-0bee-4b48-a369-3c5ff8647ec2','CREATE','{}','{\"path\": \"/skill/exchanges\", \"method\": \"GET\", \"status\": 200, \"description\": \"User visited /skill/exchanges\"}','127.0.0.1','Mozilla/5.0 (Macintosh; Intel Mac OS X 10_15_7) AppleWebKit/537.36 (KHTML, like Gecko) Chrome/144.0.0.0 Safari/537.36','2026-02-16 10:56:29.001432','dee648880bee4b48a3693c5ff8647ec2',12),(145,'dee64888-0bee-4b48-a369-3c5ff8647ec2','CREATE','{}','{\"path\": \"/media/profiles/Muddaser-Salihe_1pqEgSg.jpg\", \"method\": \"GET\", \"status\": 304, \"description\": \"User visited /media/profiles/Muddaser-Salihe_1pqEgSg.jpg\"}','127.0.0.1','Mozilla/5.0 (Macintosh; Intel Mac OS X 10_15_7) AppleWebKit/537.36 (KHTML, like Gecko) Chrome/144.0.0.0 Safari/537.36','2026-02-16 10:56:29.022740','dee648880bee4b48a3693c5ff8647ec2',12),(146,'dee64888-0bee-4b48-a369-3c5ff8647ec2','CREATE','{}','{\"path\": \"/skill/swap_skill\", \"method\": \"GET\", \"status\": 200, \"description\": \"User visited /skill/swap_skill\"}','127.0.0.1','Mozilla/5.0 (Macintosh; Intel Mac OS X 10_15_7) AppleWebKit/537.36 (KHTML, like Gecko) Chrome/144.0.0.0 Safari/537.36','2026-02-16 10:56:32.444942','dee648880bee4b48a3693c5ff8647ec2',12),(147,'dee64888-0bee-4b48-a369-3c5ff8647ec2','CREATE','{}','{\"path\": \"/skill/skill_swap_details/\", \"method\": \"GET\", \"status\": 200, \"description\": \"User visited /skill/skill_swap_details/\"}','127.0.0.1','Mozilla/5.0 (Macintosh; Intel Mac OS X 10_15_7) AppleWebKit/537.36 (KHTML, like Gecko) Chrome/144.0.0.0 Safari/537.36','2026-02-16 10:56:33.770346','dee648880bee4b48a3693c5ff8647ec2',12),(148,'dee64888-0bee-4b48-a369-3c5ff8647ec2','CREATE','{}','{\"path\": \"/users/user_skill/\", \"method\": \"GET\", \"status\": 200, \"description\": \"User visited /users/user_skill/\"}','127.0.0.1','Mozilla/5.0 (Macintosh; Intel Mac OS X 10_15_7) AppleWebKit/537.36 (KHTML, like Gecko) Chrome/144.0.0.0 Safari/537.36','2026-02-16 10:56:35.127860','dee648880bee4b48a3693c5ff8647ec2',12),(149,'dee64888-0bee-4b48-a369-3c5ff8647ec2','CREATE','{}','{\"path\": \"/searching_skills/\", \"method\": \"GET\", \"status\": 200, \"description\": \"User visited /searching_skills/\"}','127.0.0.1','Mozilla/5.0 (Macintosh; Intel Mac OS X 10_15_7) AppleWebKit/537.36 (KHTML, like Gecko) Chrome/144.0.0.0 Safari/537.36','2026-02-16 10:56:36.415751','dee648880bee4b48a3693c5ff8647ec2',12),(150,'dee64888-0bee-4b48-a369-3c5ff8647ec2','CREATE','{}','{\"path\": \"/skill/search/searching_result\", \"method\": \"GET\", \"status\": 200, \"description\": \"User visited /skill/search/searching_result\"}','127.0.0.1','Mozilla/5.0 (Macintosh; Intel Mac OS X 10_15_7) AppleWebKit/537.36 (KHTML, like Gecko) Chrome/144.0.0.0 Safari/537.36','2026-02-16 10:56:51.130417','dee648880bee4b48a3693c5ff8647ec2',12),(151,'dee64888-0bee-4b48-a369-3c5ff8647ec2','CREATE','{}','{\"path\": \"/media/profiles/Muddaser-Salihe_1pqEgSg.jpg\", \"method\": \"GET\", \"status\": 304, \"description\": \"User visited /media/profiles/Muddaser-Salihe_1pqEgSg.jpg\"}','127.0.0.1','Mozilla/5.0 (Macintosh; Intel Mac OS X 10_15_7) AppleWebKit/537.36 (KHTML, like Gecko) Chrome/144.0.0.0 Safari/537.36','2026-02-16 10:56:51.153544','dee648880bee4b48a3693c5ff8647ec2',12),(152,'dee64888-0bee-4b48-a369-3c5ff8647ec2','CREATE','{}','{\"path\": \"/media/profiles/Mohmammad_Elyas_Salihe_WmB5hDk.jpg\", \"method\": \"GET\", \"status\": 200, \"description\": \"User visited /media/profiles/Mohmammad_Elyas_Salihe_WmB5hDk.jpg\"}','127.0.0.1','Mozilla/5.0 (Macintosh; Intel Mac OS X 10_15_7) AppleWebKit/537.36 (KHTML, like Gecko) Chrome/144.0.0.0 Safari/537.36','2026-02-16 10:56:51.156443','dee648880bee4b48a3693c5ff8647ec2',12),(153,'dee64888-0bee-4b48-a369-3c5ff8647ec2','CREATE','{}','{\"path\": \"/users/user_skill/\", \"method\": \"GET\", \"status\": 200, \"description\": \"User visited /users/user_skill/\"}','127.0.0.1','Mozilla/5.0 (Macintosh; Intel Mac OS X 10_15_7) AppleWebKit/537.36 (KHTML, like Gecko) Chrome/144.0.0.0 Safari/537.36','2026-02-16 10:57:11.003095','dee648880bee4b48a3693c5ff8647ec2',12),(154,'dee64888-0bee-4b48-a369-3c5ff8647ec2','CREATE','{}','{\"path\": \"/media/profiles/Muddaser-Salihe_1pqEgSg.jpg\", \"method\": \"GET\", \"status\": 304, \"description\": \"User visited /media/profiles/Muddaser-Salihe_1pqEgSg.jpg\"}','127.0.0.1','Mozilla/5.0 (Macintosh; Intel Mac OS X 10_15_7) AppleWebKit/537.36 (KHTML, like Gecko) Chrome/144.0.0.0 Safari/537.36','2026-02-16 10:57:11.018525','dee648880bee4b48a3693c5ff8647ec2',12),(155,'dee64888-0bee-4b48-a369-3c5ff8647ec2','CREATE','{}','{\"path\": \"/users/profile/dee64888-0bee-4b48-a369-3c5ff8647ec2/\", \"method\": \"GET\", \"status\": 200, \"description\": \"User visited /users/profile/dee64888-0bee-4b48-a369-3c5ff8647ec2/\"}','127.0.0.1','Mozilla/5.0 (Macintosh; Intel Mac OS X 10_15_7) AppleWebKit/537.36 (KHTML, like Gecko) Chrome/144.0.0.0 Safari/537.36','2026-02-16 10:57:15.713833','dee648880bee4b48a3693c5ff8647ec2',12),(156,'dee64888-0bee-4b48-a369-3c5ff8647ec2','CREATE','{}','{\"path\": \"/users/load_cities\", \"method\": \"GET\", \"status\": 200, \"description\": \"User visited /users/load_cities\"}','127.0.0.1','Mozilla/5.0 (Macintosh; Intel Mac OS X 10_15_7) AppleWebKit/537.36 (KHTML, like Gecko) Chrome/144.0.0.0 Safari/537.36','2026-02-16 10:57:15.774510','dee648880bee4b48a3693c5ff8647ec2',12),(157,'dee64888-0bee-4b48-a369-3c5ff8647ec2','CREATE','{}','{\"path\": \"/users/load_districts\", \"method\": \"GET\", \"status\": 200, \"description\": \"User visited /users/load_districts\"}','127.0.0.1','Mozilla/5.0 (Macintosh; Intel Mac OS X 10_15_7) AppleWebKit/537.36 (KHTML, like Gecko) Chrome/144.0.0.0 Safari/537.36','2026-02-16 10:57:15.801790','dee648880bee4b48a3693c5ff8647ec2',12),(158,'db00b8ff-a4e3-4005-a62a-bf2f1fbe26a5','UPDATE','{}','{\"path\": \"/login/\", \"method\": \"POST\", \"status\": 302, \"description\": \"User visited /login/\"}','127.0.0.1','Mozilla/5.0 (Macintosh; Intel Mac OS X 10_15_7) AppleWebKit/537.36 (KHTML, like Gecko) Chrome/144.0.0.0 Safari/537.36','2026-02-16 10:58:36.859648','db00b8ffa4e34005a62abf2f1fbe26a5',12),(159,'db00b8ff-a4e3-4005-a62a-bf2f1fbe26a5','CREATE','{}','{\"path\": \"/users/dashboard/\", \"method\": \"GET\", \"status\": 200, \"description\": \"User visited /users/dashboard/\"}','127.0.0.1','Mozilla/5.0 (Macintosh; Intel Mac OS X 10_15_7) AppleWebKit/537.36 (KHTML, like Gecko) Chrome/144.0.0.0 Safari/537.36','2026-02-16 10:58:36.868477','db00b8ffa4e34005a62abf2f1fbe26a5',12),(160,'db00b8ff-a4e3-4005-a62a-bf2f1fbe26a5','CREATE','{}','{\"path\": \"/media/profiles/Mohmammad_Elyas_Salihe_WmB5hDk.jpg\", \"method\": \"GET\", \"status\": 200, \"description\": \"User visited /media/profiles/Mohmammad_Elyas_Salihe_WmB5hDk.jpg\"}','127.0.0.1','Mozilla/5.0 (Macintosh; Intel Mac OS X 10_15_7) AppleWebKit/537.36 (KHTML, like Gecko) Chrome/144.0.0.0 Safari/537.36','2026-02-16 10:58:36.885421','db00b8ffa4e34005a62abf2f1fbe26a5',12),(161,'db00b8ff-a4e3-4005-a62a-bf2f1fbe26a5','CREATE','{}','{\"path\": \"/searching_skills/\", \"method\": \"GET\", \"status\": 200, \"description\": \"User visited /searching_skills/\"}','127.0.0.1','Mozilla/5.0 (Macintosh; Intel Mac OS X 10_15_7) AppleWebKit/537.36 (KHTML, like Gecko) Chrome/144.0.0.0 Safari/537.36','2026-02-16 10:58:40.570936','db00b8ffa4e34005a62abf2f1fbe26a5',12),(162,'db00b8ff-a4e3-4005-a62a-bf2f1fbe26a5','CREATE','{}','{\"path\": \"/searching_skills/\", \"method\": \"GET\", \"status\": 200, \"description\": \"User visited /searching_skills/\"}','127.0.0.1','Mozilla/5.0 (Macintosh; Intel Mac OS X 10_15_7) AppleWebKit/537.36 (KHTML, like Gecko) Chrome/144.0.0.0 Safari/537.36','2026-02-16 10:58:40.579641','db00b8ffa4e34005a62abf2f1fbe26a5',12),(163,'db00b8ff-a4e3-4005-a62a-bf2f1fbe26a5','CREATE','{}','{\"path\": \"/skill/search/searching_result\", \"method\": \"GET\", \"status\": 200, \"description\": \"User visited /skill/search/searching_result\"}','127.0.0.1','Mozilla/5.0 (Macintosh; Intel Mac OS X 10_15_7) AppleWebKit/537.36 (KHTML, like Gecko) Chrome/144.0.0.0 Safari/537.36','2026-02-16 10:58:51.562712','db00b8ffa4e34005a62abf2f1fbe26a5',12),(164,'db00b8ff-a4e3-4005-a62a-bf2f1fbe26a5','CREATE','{}','{\"path\": \"/skill/search/searching_result\", \"method\": \"GET\", \"status\": 200, \"description\": \"User visited /skill/search/searching_result\"}','127.0.0.1','Mozilla/5.0 (Macintosh; Intel Mac OS X 10_15_7) AppleWebKit/537.36 (KHTML, like Gecko) Chrome/144.0.0.0 Safari/537.36','2026-02-16 10:58:52.289133','db00b8ffa4e34005a62abf2f1fbe26a5',12),(165,'db00b8ff-a4e3-4005-a62a-bf2f1fbe26a5','CREATE','{}','{\"path\": \"/skill/search/searching_result\", \"method\": \"GET\", \"status\": 200, \"description\": \"User visited /skill/search/searching_result\"}','127.0.0.1','Mozilla/5.0 (Macintosh; Intel Mac OS X 10_15_7) AppleWebKit/537.36 (KHTML, like Gecko) Chrome/144.0.0.0 Safari/537.36','2026-02-16 10:58:52.781199','db00b8ffa4e34005a62abf2f1fbe26a5',12),(166,'db00b8ff-a4e3-4005-a62a-bf2f1fbe26a5','CREATE','{}','{\"path\": \"/skill/search/searching_result\", \"method\": \"GET\", \"status\": 200, \"description\": \"User visited /skill/search/searching_result\"}','127.0.0.1','Mozilla/5.0 (Macintosh; Intel Mac OS X 10_15_7) AppleWebKit/537.36 (KHTML, like Gecko) Chrome/144.0.0.0 Safari/537.36','2026-02-16 10:58:52.956567','db00b8ffa4e34005a62abf2f1fbe26a5',12),(167,'db00b8ff-a4e3-4005-a62a-bf2f1fbe26a5','CREATE','{}','{\"path\": \"/skill/search/searching_result\", \"method\": \"GET\", \"status\": 200, \"description\": \"User visited /skill/search/searching_result\"}','127.0.0.1','Mozilla/5.0 (Macintosh; Intel Mac OS X 10_15_7) AppleWebKit/537.36 (KHTML, like Gecko) Chrome/144.0.0.0 Safari/537.36','2026-02-16 10:58:53.157501','db00b8ffa4e34005a62abf2f1fbe26a5',12),(168,'db00b8ff-a4e3-4005-a62a-bf2f1fbe26a5','CREATE','{}','{\"path\": \"/skill/search/searching_result\", \"method\": \"GET\", \"status\": 200, \"description\": \"User visited /skill/search/searching_result\"}','127.0.0.1','Mozilla/5.0 (Macintosh; Intel Mac OS X 10_15_7) AppleWebKit/537.36 (KHTML, like Gecko) Chrome/144.0.0.0 Safari/537.36','2026-02-16 10:58:53.340287','db00b8ffa4e34005a62abf2f1fbe26a5',12),(169,'db00b8ff-a4e3-4005-a62a-bf2f1fbe26a5','CREATE','{}','{\"path\": \"/skill/search/searching_result\", \"method\": \"GET\", \"status\": 200, \"description\": \"User visited /skill/search/searching_result\"}','127.0.0.1','Mozilla/5.0 (Macintosh; Intel Mac OS X 10_15_7) AppleWebKit/537.36 (KHTML, like Gecko) Chrome/144.0.0.0 Safari/537.36','2026-02-16 10:58:53.488689','db00b8ffa4e34005a62abf2f1fbe26a5',12),(170,'db00b8ff-a4e3-4005-a62a-bf2f1fbe26a5','CREATE','{}','{\"path\": \"/skill/search/searching_result\", \"method\": \"GET\", \"status\": 200, \"description\": \"User visited /skill/search/searching_result\"}','127.0.0.1','Mozilla/5.0 (Macintosh; Intel Mac OS X 10_15_7) AppleWebKit/537.36 (KHTML, like Gecko) Chrome/144.0.0.0 Safari/537.36','2026-02-16 10:58:53.653718','db00b8ffa4e34005a62abf2f1fbe26a5',12),(171,'db00b8ff-a4e3-4005-a62a-bf2f1fbe26a5','CREATE','{}','{\"path\": \"/skill/search/searching_result\", \"method\": \"GET\", \"status\": 200, \"description\": \"User visited /skill/search/searching_result\"}','127.0.0.1','Mozilla/5.0 (Macintosh; Intel Mac OS X 10_15_7) AppleWebKit/537.36 (KHTML, like Gecko) Chrome/144.0.0.0 Safari/537.36','2026-02-16 10:58:53.806235','db00b8ffa4e34005a62abf2f1fbe26a5',12),(172,'db00b8ff-a4e3-4005-a62a-bf2f1fbe26a5','CREATE','{}','{\"path\": \"/skill/search/searching_result\", \"method\": \"GET\", \"status\": 200, \"description\": \"User visited /skill/search/searching_result\"}','127.0.0.1','Mozilla/5.0 (Macintosh; Intel Mac OS X 10_15_7) AppleWebKit/537.36 (KHTML, like Gecko) Chrome/144.0.0.0 Safari/537.36','2026-02-16 10:58:58.144742','db00b8ffa4e34005a62abf2f1fbe26a5',12),(173,'db00b8ff-a4e3-4005-a62a-bf2f1fbe26a5','CREATE','{}','{\"path\": \"/media/profiles/Muddaser-Salihe_1pqEgSg.jpg\", \"method\": \"GET\", \"status\": 200, \"description\": \"User visited /media/profiles/Muddaser-Salihe_1pqEgSg.jpg\"}','127.0.0.1','Mozilla/5.0 (Macintosh; Intel Mac OS X 10_15_7) AppleWebKit/537.36 (KHTML, like Gecko) Chrome/144.0.0.0 Safari/537.36','2026-02-16 10:58:58.169786','db00b8ffa4e34005a62abf2f1fbe26a5',12),(174,'db00b8ff-a4e3-4005-a62a-bf2f1fbe26a5','CREATE','{}','{\"path\": \"/skill/search/searching_result\", \"method\": \"GET\", \"status\": 200, \"description\": \"User visited /skill/search/searching_result\"}','127.0.0.1','Mozilla/5.0 (Macintosh; Intel Mac OS X 10_15_7) AppleWebKit/537.36 (KHTML, like Gecko) Chrome/144.0.0.0 Safari/537.36','2026-02-16 11:03:05.331358','db00b8ffa4e34005a62abf2f1fbe26a5',12),(175,'db00b8ff-a4e3-4005-a62a-bf2f1fbe26a5','CREATE','{}','{\"path\": \"/media/profiles/Mohmammad_Elyas_Salihe_WmB5hDk.jpg\", \"method\": \"GET\", \"status\": 200, \"description\": \"User visited /media/profiles/Mohmammad_Elyas_Salihe_WmB5hDk.jpg\"}','127.0.0.1','Mozilla/5.0 (Macintosh; Intel Mac OS X 10_15_7) AppleWebKit/537.36 (KHTML, like Gecko) Chrome/144.0.0.0 Safari/537.36','2026-02-16 11:03:05.360853','db00b8ffa4e34005a62abf2f1fbe26a5',12),(176,'db00b8ff-a4e3-4005-a62a-bf2f1fbe26a5','CREATE','{}','{\"path\": \"/media/profiles/Muddaser-Salihe_1pqEgSg.jpg\", \"method\": \"GET\", \"status\": 200, \"description\": \"User visited /media/profiles/Muddaser-Salihe_1pqEgSg.jpg\"}','127.0.0.1','Mozilla/5.0 (Macintosh; Intel Mac OS X 10_15_7) AppleWebKit/537.36 (KHTML, like Gecko) Chrome/144.0.0.0 Safari/537.36','2026-02-16 11:03:05.361602','db00b8ffa4e34005a62abf2f1fbe26a5',12),(177,'db00b8ff-a4e3-4005-a62a-bf2f1fbe26a5','CREATE','{}','{\"path\": \"/\", \"method\": \"GET\", \"status\": 200, \"description\": \"User visited /\"}','127.0.0.1','Mozilla/5.0 (Macintosh; Intel Mac OS X 10_15_7) AppleWebKit/537.36 (KHTML, like Gecko) Chrome/144.0.0.0 Safari/537.36','2026-02-16 11:12:56.071688','db00b8ffa4e34005a62abf2f1fbe26a5',12),(178,'db00b8ff-a4e3-4005-a62a-bf2f1fbe26a5','CREATE','{}','{\"path\": \"/\", \"method\": \"GET\", \"status\": 200, \"description\": \"User visited /\"}','127.0.0.1','Mozilla/5.0 (Macintosh; Intel Mac OS X 10_15_7) AppleWebKit/537.36 (KHTML, like Gecko) Chrome/144.0.0.0 Safari/537.36','2026-02-16 11:12:56.899020','db00b8ffa4e34005a62abf2f1fbe26a5',12),(179,'db00b8ff-a4e3-4005-a62a-bf2f1fbe26a5','CREATE','{}','{\"path\": \"/login/\", \"method\": \"GET\", \"status\": 200, \"description\": \"User visited /login/\"}','127.0.0.1','Mozilla/5.0 (Macintosh; Intel Mac OS X 10_15_7) AppleWebKit/537.36 (KHTML, like Gecko) Chrome/144.0.0.0 Safari/537.36','2026-02-16 11:13:00.293996','db00b8ffa4e34005a62abf2f1fbe26a5',12),(180,'dee64888-0bee-4b48-a369-3c5ff8647ec2','UPDATE','{}','{\"path\": \"/login/\", \"method\": \"POST\", \"status\": 302, \"description\": \"User visited /login/\"}','127.0.0.1','Mozilla/5.0 (Macintosh; Intel Mac OS X 10_15_7) AppleWebKit/537.36 (KHTML, like Gecko) Chrome/144.0.0.0 Safari/537.36','2026-02-16 11:13:06.255329','dee648880bee4b48a3693c5ff8647ec2',12),(181,'dee64888-0bee-4b48-a369-3c5ff8647ec2','CREATE','{}','{\"path\": \"/users/dashboard/\", \"method\": \"GET\", \"status\": 200, \"description\": \"User visited /users/dashboard/\"}','127.0.0.1','Mozilla/5.0 (Macintosh; Intel Mac OS X 10_15_7) AppleWebKit/537.36 (KHTML, like Gecko) Chrome/144.0.0.0 Safari/537.36','2026-02-16 11:13:06.271121','dee648880bee4b48a3693c5ff8647ec2',12),(182,'dee64888-0bee-4b48-a369-3c5ff8647ec2','CREATE','{}','{\"path\": \"/media/profiles/Muddaser-Salihe_1pqEgSg.jpg\", \"method\": \"GET\", \"status\": 200, \"description\": \"User visited /media/profiles/Muddaser-Salihe_1pqEgSg.jpg\"}','127.0.0.1','Mozilla/5.0 (Macintosh; Intel Mac OS X 10_15_7) AppleWebKit/537.36 (KHTML, like Gecko) Chrome/144.0.0.0 Safari/537.36','2026-02-16 11:13:06.297169','dee648880bee4b48a3693c5ff8647ec2',12),(183,'dee64888-0bee-4b48-a369-3c5ff8647ec2','CREATE','{}','{\"path\": \"/skill/skill_swap_details/\", \"method\": \"GET\", \"status\": 200, \"description\": \"User visited /skill/skill_swap_details/\"}','127.0.0.1','Mozilla/5.0 (Macintosh; Intel Mac OS X 10_15_7) AppleWebKit/537.36 (KHTML, like Gecko) Chrome/144.0.0.0 Safari/537.36','2026-02-16 11:13:09.627710','dee648880bee4b48a3693c5ff8647ec2',12),(184,'dee64888-0bee-4b48-a369-3c5ff8647ec2','CREATE','{}','{\"path\": \"/users/user_skill/\", \"method\": \"GET\", \"status\": 200, \"description\": \"User visited /users/user_skill/\"}','127.0.0.1','Mozilla/5.0 (Macintosh; Intel Mac OS X 10_15_7) AppleWebKit/537.36 (KHTML, like Gecko) Chrome/144.0.0.0 Safari/537.36','2026-02-16 11:13:11.387794','dee648880bee4b48a3693c5ff8647ec2',12),(185,'dee64888-0bee-4b48-a369-3c5ff8647ec2','CREATE','{}','{\"path\": \"/searching_skills/\", \"method\": \"GET\", \"status\": 200, \"description\": \"User visited /searching_skills/\"}','127.0.0.1','Mozilla/5.0 (Macintosh; Intel Mac OS X 10_15_7) AppleWebKit/537.36 (KHTML, like Gecko) Chrome/144.0.0.0 Safari/537.36','2026-02-16 11:13:12.428761','dee648880bee4b48a3693c5ff8647ec2',12),(186,'dee64888-0bee-4b48-a369-3c5ff8647ec2','CREATE','{}','{\"path\": \"/users/user_skill/\", \"method\": \"GET\", \"status\": 200, \"description\": \"User visited /users/user_skill/\"}','127.0.0.1','Mozilla/5.0 (Macintosh; Intel Mac OS X 10_15_7) AppleWebKit/537.36 (KHTML, like Gecko) Chrome/144.0.0.0 Safari/537.36','2026-02-16 11:13:13.709390','dee648880bee4b48a3693c5ff8647ec2',12),(187,'dee64888-0bee-4b48-a369-3c5ff8647ec2','CREATE','{}','{\"path\": \"/searching_skills/\", \"method\": \"GET\", \"status\": 200, \"description\": \"User visited /searching_skills/\"}','127.0.0.1','Mozilla/5.0 (Macintosh; Intel Mac OS X 10_15_7) AppleWebKit/537.36 (KHTML, like Gecko) Chrome/144.0.0.0 Safari/537.36','2026-02-16 11:13:15.172437','dee648880bee4b48a3693c5ff8647ec2',12),(188,'dee64888-0bee-4b48-a369-3c5ff8647ec2','CREATE','{}','{\"path\": \"/skill/search/searching_result\", \"method\": \"GET\", \"status\": 200, \"description\": \"User visited /skill/search/searching_result\"}','127.0.0.1','Mozilla/5.0 (Macintosh; Intel Mac OS X 10_15_7) AppleWebKit/537.36 (KHTML, like Gecko) Chrome/144.0.0.0 Safari/537.36','2026-02-16 11:13:24.175686','dee648880bee4b48a3693c5ff8647ec2',12),(189,'dee64888-0bee-4b48-a369-3c5ff8647ec2','CREATE','{}','{\"path\": \"/media/profiles/Mohmammad_Elyas_Salihe_WmB5hDk.jpg\", \"method\": \"GET\", \"status\": 200, \"description\": \"User visited /media/profiles/Mohmammad_Elyas_Salihe_WmB5hDk.jpg\"}','127.0.0.1','Mozilla/5.0 (Macintosh; Intel Mac OS X 10_15_7) AppleWebKit/537.36 (KHTML, like Gecko) Chrome/144.0.0.0 Safari/537.36','2026-02-16 11:13:24.197440','dee648880bee4b48a3693c5ff8647ec2',12),(190,'dee64888-0bee-4b48-a369-3c5ff8647ec2','CREATE','{}','{\"path\": \"/skill/search/searching_result\", \"method\": \"GET\", \"status\": 200, \"description\": \"User visited /skill/search/searching_result\"}','127.0.0.1','Mozilla/5.0 (Macintosh; Intel Mac OS X 10_15_7) AppleWebKit/537.36 (KHTML, like Gecko) Chrome/144.0.0.0 Safari/537.36','2026-02-16 11:13:28.000532','dee648880bee4b48a3693c5ff8647ec2',12),(191,'dee64888-0bee-4b48-a369-3c5ff8647ec2','CREATE','{}','{\"path\": \"/media/profiles/Muddaser-Salihe_1pqEgSg.jpg\", \"method\": \"GET\", \"status\": 200, \"description\": \"User visited /media/profiles/Muddaser-Salihe_1pqEgSg.jpg\"}','127.0.0.1','Mozilla/5.0 (Macintosh; Intel Mac OS X 10_15_7) AppleWebKit/537.36 (KHTML, like Gecko) Chrome/144.0.0.0 Safari/537.36','2026-02-16 11:13:28.026433','dee648880bee4b48a3693c5ff8647ec2',12),(192,'dee64888-0bee-4b48-a369-3c5ff8647ec2','CREATE','{}','{\"path\": \"/media/profiles/Mohmammad_Elyas_Salihe_WmB5hDk.jpg\", \"method\": \"GET\", \"status\": 200, \"description\": \"User visited /media/profiles/Mohmammad_Elyas_Salihe_WmB5hDk.jpg\"}','127.0.0.1','Mozilla/5.0 (Macintosh; Intel Mac OS X 10_15_7) AppleWebKit/537.36 (KHTML, like Gecko) Chrome/144.0.0.0 Safari/537.36','2026-02-16 11:13:28.027769','dee648880bee4b48a3693c5ff8647ec2',12),(193,'dee64888-0bee-4b48-a369-3c5ff8647ec2','CREATE','{}','{\"path\": \"/skill/search/searching_result\", \"method\": \"GET\", \"status\": 200, \"description\": \"User visited /skill/search/searching_result\"}','127.0.0.1','Mozilla/5.0 (Macintosh; Intel Mac OS X 10_15_7) AppleWebKit/537.36 (KHTML, like Gecko) Chrome/144.0.0.0 Safari/537.36','2026-02-16 11:13:34.231493','dee648880bee4b48a3693c5ff8647ec2',12),(194,'dee64888-0bee-4b48-a369-3c5ff8647ec2','CREATE','{}','{\"path\": \"/skill/search/searching_result\", \"method\": \"GET\", \"status\": 200, \"description\": \"User visited /skill/search/searching_result\"}','127.0.0.1','Mozilla/5.0 (Macintosh; Intel Mac OS X 10_15_7) AppleWebKit/537.36 (KHTML, like Gecko) Chrome/144.0.0.0 Safari/537.36','2026-02-16 11:13:34.973894','dee648880bee4b48a3693c5ff8647ec2',12),(195,'dee64888-0bee-4b48-a369-3c5ff8647ec2','CREATE','{}','{\"path\": \"/skill/search/searching_result\", \"method\": \"GET\", \"status\": 200, \"description\": \"User visited /skill/search/searching_result\"}','127.0.0.1','Mozilla/5.0 (Macintosh; Intel Mac OS X 10_15_7) AppleWebKit/537.36 (KHTML, like Gecko) Chrome/144.0.0.0 Safari/537.36','2026-02-16 11:13:40.089366','dee648880bee4b48a3693c5ff8647ec2',12),(196,'dee64888-0bee-4b48-a369-3c5ff8647ec2','CREATE','{}','{\"path\": \"/skill/search/searching_result\", \"method\": \"GET\", \"status\": 200, \"description\": \"User visited /skill/search/searching_result\"}','127.0.0.1','Mozilla/5.0 (Macintosh; Intel Mac OS X 10_15_7) AppleWebKit/537.36 (KHTML, like Gecko) Chrome/144.0.0.0 Safari/537.36','2026-02-16 11:13:40.955746','dee648880bee4b48a3693c5ff8647ec2',12),(197,'dee64888-0bee-4b48-a369-3c5ff8647ec2','CREATE','{}','{\"path\": \"/skill/search/searching_result\", \"method\": \"GET\", \"status\": 200, \"description\": \"User visited /skill/search/searching_result\"}','127.0.0.1','Mozilla/5.0 (Macintosh; Intel Mac OS X 10_15_7) AppleWebKit/537.36 (KHTML, like Gecko) Chrome/144.0.0.0 Safari/537.36','2026-02-16 11:13:41.742110','dee648880bee4b48a3693c5ff8647ec2',12),(198,'dee64888-0bee-4b48-a369-3c5ff8647ec2','CREATE','{}','{\"path\": \"/skill/search/searching_result\", \"method\": \"GET\", \"status\": 200, \"description\": \"User visited /skill/search/searching_result\"}','127.0.0.1','Mozilla/5.0 (Macintosh; Intel Mac OS X 10_15_7) AppleWebKit/537.36 (KHTML, like Gecko) Chrome/144.0.0.0 Safari/537.36','2026-02-16 11:13:41.929673','dee648880bee4b48a3693c5ff8647ec2',12),(199,'dee64888-0bee-4b48-a369-3c5ff8647ec2','CREATE','{}','{\"path\": \"/skill/search/searching_result\", \"method\": \"GET\", \"status\": 200, \"description\": \"User visited /skill/search/searching_result\"}','127.0.0.1','Mozilla/5.0 (Macintosh; Intel Mac OS X 10_15_7) AppleWebKit/537.36 (KHTML, like Gecko) Chrome/144.0.0.0 Safari/537.36','2026-02-16 11:13:42.312827','dee648880bee4b48a3693c5ff8647ec2',12),(200,'dee64888-0bee-4b48-a369-3c5ff8647ec2','CREATE','{}','{\"path\": \"/skill/search/searching_result\", \"method\": \"GET\", \"status\": 200, \"description\": \"User visited /skill/search/searching_result\"}','127.0.0.1','Mozilla/5.0 (Macintosh; Intel Mac OS X 10_15_7) AppleWebKit/537.36 (KHTML, like Gecko) Chrome/144.0.0.0 Safari/537.36','2026-02-16 11:13:42.479069','dee648880bee4b48a3693c5ff8647ec2',12),(201,'dee64888-0bee-4b48-a369-3c5ff8647ec2','CREATE','{}','{\"path\": \"/skill/search/searching_result\", \"method\": \"GET\", \"status\": 200, \"description\": \"User visited /skill/search/searching_result\"}','127.0.0.1','Mozilla/5.0 (Macintosh; Intel Mac OS X 10_15_7) AppleWebKit/537.36 (KHTML, like Gecko) Chrome/144.0.0.0 Safari/537.36','2026-02-16 11:13:42.643986','dee648880bee4b48a3693c5ff8647ec2',12),(202,'dee64888-0bee-4b48-a369-3c5ff8647ec2','CREATE','{}','{\"path\": \"/skill/search/searching_result\", \"method\": \"GET\", \"status\": 200, \"description\": \"User visited /skill/search/searching_result\"}','127.0.0.1','Mozilla/5.0 (Macintosh; Intel Mac OS X 10_15_7) AppleWebKit/537.36 (KHTML, like Gecko) Chrome/144.0.0.0 Safari/537.36','2026-02-16 11:13:42.827558','dee648880bee4b48a3693c5ff8647ec2',12),(203,'dee64888-0bee-4b48-a369-3c5ff8647ec2','CREATE','{}','{\"path\": \"/skill/search/searching_result\", \"method\": \"GET\", \"status\": 200, \"description\": \"User visited /skill/search/searching_result\"}','127.0.0.1','Mozilla/5.0 (Macintosh; Intel Mac OS X 10_15_7) AppleWebKit/537.36 (KHTML, like Gecko) Chrome/144.0.0.0 Safari/537.36','2026-02-16 11:13:45.848273','dee648880bee4b48a3693c5ff8647ec2',12),(204,'dee64888-0bee-4b48-a369-3c5ff8647ec2','CREATE','{}','{\"path\": \"/media/profiles/Muddaser-Salihe_1pqEgSg.jpg\", \"method\": \"GET\", \"status\": 200, \"description\": \"User visited /media/profiles/Muddaser-Salihe_1pqEgSg.jpg\"}','127.0.0.1','Mozilla/5.0 (Macintosh; Intel Mac OS X 10_15_7) AppleWebKit/537.36 (KHTML, like Gecko) Chrome/144.0.0.0 Safari/537.36','2026-02-16 11:13:45.877626','dee648880bee4b48a3693c5ff8647ec2',12),(205,'dee64888-0bee-4b48-a369-3c5ff8647ec2','CREATE','{}','{\"path\": \"/media/profiles/Mohmammad_Elyas_Salihe_WmB5hDk.jpg\", \"method\": \"GET\", \"status\": 200, \"description\": \"User visited /media/profiles/Mohmammad_Elyas_Salihe_WmB5hDk.jpg\"}','127.0.0.1','Mozilla/5.0 (Macintosh; Intel Mac OS X 10_15_7) AppleWebKit/537.36 (KHTML, like Gecko) Chrome/144.0.0.0 Safari/537.36','2026-02-16 11:13:45.877906','dee648880bee4b48a3693c5ff8647ec2',12),(206,'dee64888-0bee-4b48-a369-3c5ff8647ec2','CREATE','{}','{\"path\": \"/skill/search/searching_result\", \"method\": \"GET\", \"status\": 200, \"description\": \"User visited /skill/search/searching_result\"}','127.0.0.1','Mozilla/5.0 (Macintosh; Intel Mac OS X 10_15_7) AppleWebKit/537.36 (KHTML, like Gecko) Chrome/144.0.0.0 Safari/537.36','2026-02-16 11:13:47.469572','dee648880bee4b48a3693c5ff8647ec2',12),(207,'dee64888-0bee-4b48-a369-3c5ff8647ec2','CREATE','{}','{\"path\": \"/media/profiles/Muddaser-Salihe_1pqEgSg.jpg\", \"method\": \"GET\", \"status\": 200, \"description\": \"User visited /media/profiles/Muddaser-Salihe_1pqEgSg.jpg\"}','127.0.0.1','Mozilla/5.0 (Macintosh; Intel Mac OS X 10_15_7) AppleWebKit/537.36 (KHTML, like Gecko) Chrome/144.0.0.0 Safari/537.36','2026-02-16 11:13:47.485997','dee648880bee4b48a3693c5ff8647ec2',12),(208,'dee64888-0bee-4b48-a369-3c5ff8647ec2','CREATE','{}','{\"path\": \"/media/profiles/Mohmammad_Elyas_Salihe_WmB5hDk.jpg\", \"method\": \"GET\", \"status\": 200, \"description\": \"User visited /media/profiles/Mohmammad_Elyas_Salihe_WmB5hDk.jpg\"}','127.0.0.1','Mozilla/5.0 (Macintosh; Intel Mac OS X 10_15_7) AppleWebKit/537.36 (KHTML, like Gecko) Chrome/144.0.0.0 Safari/537.36','2026-02-16 11:13:47.486295','dee648880bee4b48a3693c5ff8647ec2',12),(209,'dee64888-0bee-4b48-a369-3c5ff8647ec2','CREATE','{}','{\"path\": \"/skill/search/searching_result\", \"method\": \"GET\", \"status\": 200, \"description\": \"User visited /skill/search/searching_result\"}','127.0.0.1','Mozilla/5.0 (Macintosh; Intel Mac OS X 10_15_7) AppleWebKit/537.36 (KHTML, like Gecko) Chrome/144.0.0.0 Safari/537.36','2026-02-16 11:13:47.669099','dee648880bee4b48a3693c5ff8647ec2',12),(210,'dee64888-0bee-4b48-a369-3c5ff8647ec2','CREATE','{}','{\"path\": \"/media/profiles/Mohmammad_Elyas_Salihe_WmB5hDk.jpg\", \"method\": \"GET\", \"status\": 200, \"description\": \"User visited /media/profiles/Mohmammad_Elyas_Salihe_WmB5hDk.jpg\"}','127.0.0.1','Mozilla/5.0 (Macintosh; Intel Mac OS X 10_15_7) AppleWebKit/537.36 (KHTML, like Gecko) Chrome/144.0.0.0 Safari/537.36','2026-02-16 11:13:47.688485','dee648880bee4b48a3693c5ff8647ec2',12),(211,'dee64888-0bee-4b48-a369-3c5ff8647ec2','CREATE','{}','{\"path\": \"/media/profiles/Muddaser-Salihe_1pqEgSg.jpg\", \"method\": \"GET\", \"status\": 200, \"description\": \"User visited /media/profiles/Muddaser-Salihe_1pqEgSg.jpg\"}','127.0.0.1','Mozilla/5.0 (Macintosh; Intel Mac OS X 10_15_7) AppleWebKit/537.36 (KHTML, like Gecko) Chrome/144.0.0.0 Safari/537.36','2026-02-16 11:13:47.692626','dee648880bee4b48a3693c5ff8647ec2',12),(212,'dee64888-0bee-4b48-a369-3c5ff8647ec2','CREATE','{}','{\"path\": \"/skill/search/searching_result\", \"method\": \"GET\", \"status\": 200, \"description\": \"User visited /skill/search/searching_result\"}','127.0.0.1','Mozilla/5.0 (Macintosh; Intel Mac OS X 10_15_7) AppleWebKit/537.36 (KHTML, like Gecko) Chrome/144.0.0.0 Safari/537.36','2026-02-16 11:13:47.838309','dee648880bee4b48a3693c5ff8647ec2',12),(213,'dee64888-0bee-4b48-a369-3c5ff8647ec2','CREATE','{}','{\"path\": \"/media/profiles/Mohmammad_Elyas_Salihe_WmB5hDk.jpg\", \"method\": \"GET\", \"status\": 200, \"description\": \"User visited /media/profiles/Mohmammad_Elyas_Salihe_WmB5hDk.jpg\"}','127.0.0.1','Mozilla/5.0 (Macintosh; Intel Mac OS X 10_15_7) AppleWebKit/537.36 (KHTML, like Gecko) Chrome/144.0.0.0 Safari/537.36','2026-02-16 11:13:47.856158','dee648880bee4b48a3693c5ff8647ec2',12),(214,'dee64888-0bee-4b48-a369-3c5ff8647ec2','CREATE','{}','{\"path\": \"/media/profiles/Muddaser-Salihe_1pqEgSg.jpg\", \"method\": \"GET\", \"status\": 200, \"description\": \"User visited /media/profiles/Muddaser-Salihe_1pqEgSg.jpg\"}','127.0.0.1','Mozilla/5.0 (Macintosh; Intel Mac OS X 10_15_7) AppleWebKit/537.36 (KHTML, like Gecko) Chrome/144.0.0.0 Safari/537.36','2026-02-16 11:13:47.856673','dee648880bee4b48a3693c5ff8647ec2',12),(215,'dee64888-0bee-4b48-a369-3c5ff8647ec2','CREATE','{}','{\"path\": \"/skill/search/searching_result\", \"method\": \"GET\", \"status\": 200, \"description\": \"User visited /skill/search/searching_result\"}','127.0.0.1','Mozilla/5.0 (Macintosh; Intel Mac OS X 10_15_7) AppleWebKit/537.36 (KHTML, like Gecko) Chrome/144.0.0.0 Safari/537.36','2026-02-16 11:13:47.977188','dee648880bee4b48a3693c5ff8647ec2',12),(216,'dee64888-0bee-4b48-a369-3c5ff8647ec2','CREATE','{}','{\"path\": \"/media/profiles/Muddaser-Salihe_1pqEgSg.jpg\", \"method\": \"GET\", \"status\": 200, \"description\": \"User visited /media/profiles/Muddaser-Salihe_1pqEgSg.jpg\"}','127.0.0.1','Mozilla/5.0 (Macintosh; Intel Mac OS X 10_15_7) AppleWebKit/537.36 (KHTML, like Gecko) Chrome/144.0.0.0 Safari/537.36','2026-02-16 11:13:47.996802','dee648880bee4b48a3693c5ff8647ec2',12),(217,'dee64888-0bee-4b48-a369-3c5ff8647ec2','CREATE','{}','{\"path\": \"/media/profiles/Mohmammad_Elyas_Salihe_WmB5hDk.jpg\", \"method\": \"GET\", \"status\": 200, \"description\": \"User visited /media/profiles/Mohmammad_Elyas_Salihe_WmB5hDk.jpg\"}','127.0.0.1','Mozilla/5.0 (Macintosh; Intel Mac OS X 10_15_7) AppleWebKit/537.36 (KHTML, like Gecko) Chrome/144.0.0.0 Safari/537.36','2026-02-16 11:13:47.997298','dee648880bee4b48a3693c5ff8647ec2',12),(218,'dee64888-0bee-4b48-a369-3c5ff8647ec2','CREATE','{}','{\"path\": \"/skill/search/searching_result\", \"method\": \"GET\", \"status\": 200, \"description\": \"User visited /skill/search/searching_result\"}','127.0.0.1','Mozilla/5.0 (Macintosh; Intel Mac OS X 10_15_7) AppleWebKit/537.36 (KHTML, like Gecko) Chrome/144.0.0.0 Safari/537.36','2026-02-16 11:13:48.135451','dee648880bee4b48a3693c5ff8647ec2',12),(219,'dee64888-0bee-4b48-a369-3c5ff8647ec2','CREATE','{}','{\"path\": \"/media/profiles/Muddaser-Salihe_1pqEgSg.jpg\", \"method\": \"GET\", \"status\": 200, \"description\": \"User visited /media/profiles/Muddaser-Salihe_1pqEgSg.jpg\"}','127.0.0.1','Mozilla/5.0 (Macintosh; Intel Mac OS X 10_15_7) AppleWebKit/537.36 (KHTML, like Gecko) Chrome/144.0.0.0 Safari/537.36','2026-02-16 11:13:48.152734','dee648880bee4b48a3693c5ff8647ec2',12),(220,'dee64888-0bee-4b48-a369-3c5ff8647ec2','CREATE','{}','{\"path\": \"/media/profiles/Mohmammad_Elyas_Salihe_WmB5hDk.jpg\", \"method\": \"GET\", \"status\": 200, \"description\": \"User visited /media/profiles/Mohmammad_Elyas_Salihe_WmB5hDk.jpg\"}','127.0.0.1','Mozilla/5.0 (Macintosh; Intel Mac OS X 10_15_7) AppleWebKit/537.36 (KHTML, like Gecko) Chrome/144.0.0.0 Safari/537.36','2026-02-16 11:13:48.152975','dee648880bee4b48a3693c5ff8647ec2',12),(221,'dee64888-0bee-4b48-a369-3c5ff8647ec2','CREATE','{}','{\"path\": \"/skill/search/searching_result\", \"method\": \"GET\", \"status\": 200, \"description\": \"User visited /skill/search/searching_result\"}','127.0.0.1','Mozilla/5.0 (Macintosh; Intel Mac OS X 10_15_7) AppleWebKit/537.36 (KHTML, like Gecko) Chrome/144.0.0.0 Safari/537.36','2026-02-16 11:13:48.302525','dee648880bee4b48a3693c5ff8647ec2',12),(222,'dee64888-0bee-4b48-a369-3c5ff8647ec2','CREATE','{}','{\"path\": \"/media/profiles/Mohmammad_Elyas_Salihe_WmB5hDk.jpg\", \"method\": \"GET\", \"status\": 200, \"description\": \"User visited /media/profiles/Mohmammad_Elyas_Salihe_WmB5hDk.jpg\"}','127.0.0.1','Mozilla/5.0 (Macintosh; Intel Mac OS X 10_15_7) AppleWebKit/537.36 (KHTML, like Gecko) Chrome/144.0.0.0 Safari/537.36','2026-02-16 11:13:48.319559','dee648880bee4b48a3693c5ff8647ec2',12),(223,'dee64888-0bee-4b48-a369-3c5ff8647ec2','CREATE','{}','{\"path\": \"/media/profiles/Muddaser-Salihe_1pqEgSg.jpg\", \"method\": \"GET\", \"status\": 200, \"description\": \"User visited /media/profiles/Muddaser-Salihe_1pqEgSg.jpg\"}','127.0.0.1','Mozilla/5.0 (Macintosh; Intel Mac OS X 10_15_7) AppleWebKit/537.36 (KHTML, like Gecko) Chrome/144.0.0.0 Safari/537.36','2026-02-16 11:13:48.319813','dee648880bee4b48a3693c5ff8647ec2',12),(224,'dee64888-0bee-4b48-a369-3c5ff8647ec2','CREATE','{}','{\"path\": \"/skill/search/searching_result\", \"method\": \"GET\", \"status\": 200, \"description\": \"User visited /skill/search/searching_result\"}','127.0.0.1','Mozilla/5.0 (Macintosh; Intel Mac OS X 10_15_7) AppleWebKit/537.36 (KHTML, like Gecko) Chrome/144.0.0.0 Safari/537.36','2026-02-16 11:13:48.452922','dee648880bee4b48a3693c5ff8647ec2',12),(225,'dee64888-0bee-4b48-a369-3c5ff8647ec2','CREATE','{}','{\"path\": \"/media/profiles/Muddaser-Salihe_1pqEgSg.jpg\", \"method\": \"GET\", \"status\": 200, \"description\": \"User visited /media/profiles/Muddaser-Salihe_1pqEgSg.jpg\"}','127.0.0.1','Mozilla/5.0 (Macintosh; Intel Mac OS X 10_15_7) AppleWebKit/537.36 (KHTML, like Gecko) Chrome/144.0.0.0 Safari/537.36','2026-02-16 11:13:48.473630','dee648880bee4b48a3693c5ff8647ec2',12),(226,'dee64888-0bee-4b48-a369-3c5ff8647ec2','CREATE','{}','{\"path\": \"/media/profiles/Mohmammad_Elyas_Salihe_WmB5hDk.jpg\", \"method\": \"GET\", \"status\": 200, \"description\": \"User visited /media/profiles/Mohmammad_Elyas_Salihe_WmB5hDk.jpg\"}','127.0.0.1','Mozilla/5.0 (Macintosh; Intel Mac OS X 10_15_7) AppleWebKit/537.36 (KHTML, like Gecko) Chrome/144.0.0.0 Safari/537.36','2026-02-16 11:13:48.474082','dee648880bee4b48a3693c5ff8647ec2',12),(227,'dee64888-0bee-4b48-a369-3c5ff8647ec2','CREATE','{}','{\"path\": \"/skill/search/searching_result\", \"method\": \"GET\", \"status\": 200, \"description\": \"User visited /skill/search/searching_result\"}','127.0.0.1','Mozilla/5.0 (Macintosh; Intel Mac OS X 10_15_7) AppleWebKit/537.36 (KHTML, like Gecko) Chrome/144.0.0.0 Safari/537.36','2026-02-16 11:13:48.603298','dee648880bee4b48a3693c5ff8647ec2',12),(228,'dee64888-0bee-4b48-a369-3c5ff8647ec2','CREATE','{}','{\"path\": \"/media/profiles/Mohmammad_Elyas_Salihe_WmB5hDk.jpg\", \"method\": \"GET\", \"status\": 200, \"description\": \"User visited /media/profiles/Mohmammad_Elyas_Salihe_WmB5hDk.jpg\"}','127.0.0.1','Mozilla/5.0 (Macintosh; Intel Mac OS X 10_15_7) AppleWebKit/537.36 (KHTML, like Gecko) Chrome/144.0.0.0 Safari/537.36','2026-02-16 11:13:48.621671','dee648880bee4b48a3693c5ff8647ec2',12),(229,'dee64888-0bee-4b48-a369-3c5ff8647ec2','CREATE','{}','{\"path\": \"/media/profiles/Muddaser-Salihe_1pqEgSg.jpg\", \"method\": \"GET\", \"status\": 200, \"description\": \"User visited /media/profiles/Muddaser-Salihe_1pqEgSg.jpg\"}','127.0.0.1','Mozilla/5.0 (Macintosh; Intel Mac OS X 10_15_7) AppleWebKit/537.36 (KHTML, like Gecko) Chrome/144.0.0.0 Safari/537.36','2026-02-16 11:13:48.622248','dee648880bee4b48a3693c5ff8647ec2',12),(230,'db00b8ff-a4e3-4005-a62a-bf2f1fbe26a5','UPDATE','{}','{\"path\": \"/login/\", \"method\": \"POST\", \"status\": 302, \"description\": \"User visited /login/\"}','127.0.0.1','Mozilla/5.0 (Macintosh; Intel Mac OS X 10_15_7) AppleWebKit/537.36 (KHTML, like Gecko) Chrome/144.0.0.0 Safari/537.36','2026-02-16 11:13:58.754926','db00b8ffa4e34005a62abf2f1fbe26a5',12),(231,'db00b8ff-a4e3-4005-a62a-bf2f1fbe26a5','CREATE','{}','{\"path\": \"/users/dashboard/\", \"method\": \"GET\", \"status\": 200, \"description\": \"User visited /users/dashboard/\"}','127.0.0.1','Mozilla/5.0 (Macintosh; Intel Mac OS X 10_15_7) AppleWebKit/537.36 (KHTML, like Gecko) Chrome/144.0.0.0 Safari/537.36','2026-02-16 11:13:58.763378','db00b8ffa4e34005a62abf2f1fbe26a5',12),(232,'db00b8ff-a4e3-4005-a62a-bf2f1fbe26a5','CREATE','{}','{\"path\": \"/searching_skills/\", \"method\": \"GET\", \"status\": 200, \"description\": \"User visited /searching_skills/\"}','127.0.0.1','Mozilla/5.0 (Macintosh; Intel Mac OS X 10_15_7) AppleWebKit/537.36 (KHTML, like Gecko) Chrome/144.0.0.0 Safari/537.36','2026-02-16 11:14:02.784298','db00b8ffa4e34005a62abf2f1fbe26a5',12),(233,'db00b8ff-a4e3-4005-a62a-bf2f1fbe26a5','CREATE','{}','{\"path\": \"/searching_skills/\", \"method\": \"GET\", \"status\": 200, \"description\": \"User visited /searching_skills/\"}','127.0.0.1','Mozilla/5.0 (Macintosh; Intel Mac OS X 10_15_7) AppleWebKit/537.36 (KHTML, like Gecko) Chrome/144.0.0.0 Safari/537.36','2026-02-16 11:14:02.810089','db00b8ffa4e34005a62abf2f1fbe26a5',12),(234,'db00b8ff-a4e3-4005-a62a-bf2f1fbe26a5','CREATE','{}','{\"path\": \"/skill/search/searching_result\", \"method\": \"GET\", \"status\": 200, \"description\": \"User visited /skill/search/searching_result\"}','127.0.0.1','Mozilla/5.0 (Macintosh; Intel Mac OS X 10_15_7) AppleWebKit/537.36 (KHTML, like Gecko) Chrome/144.0.0.0 Safari/537.36','2026-02-16 11:14:14.118111','db00b8ffa4e34005a62abf2f1fbe26a5',12),(235,'db00b8ff-a4e3-4005-a62a-bf2f1fbe26a5','CREATE','{}','{\"path\": \"/skill/search/searching_result\", \"method\": \"GET\", \"status\": 200, \"description\": \"User visited /skill/search/searching_result\"}','127.0.0.1','Mozilla/5.0 (Macintosh; Intel Mac OS X 10_15_7) AppleWebKit/537.36 (KHTML, like Gecko) Chrome/144.0.0.0 Safari/537.36','2026-02-16 11:14:15.111769','db00b8ffa4e34005a62abf2f1fbe26a5',12),(236,'db00b8ff-a4e3-4005-a62a-bf2f1fbe26a5','CREATE','{}','{\"path\": \"/skill/search/searching_result\", \"method\": \"GET\", \"status\": 200, \"description\": \"User visited /skill/search/searching_result\"}','127.0.0.1','Mozilla/5.0 (Macintosh; Intel Mac OS X 10_15_7) AppleWebKit/537.36 (KHTML, like Gecko) Chrome/144.0.0.0 Safari/537.36','2026-02-16 11:14:15.696205','db00b8ffa4e34005a62abf2f1fbe26a5',12),(237,'db00b8ff-a4e3-4005-a62a-bf2f1fbe26a5','CREATE','{}','{\"path\": \"/skill/search/searching_result\", \"method\": \"GET\", \"status\": 200, \"description\": \"User visited /skill/search/searching_result\"}','127.0.0.1','Mozilla/5.0 (Macintosh; Intel Mac OS X 10_15_7) AppleWebKit/537.36 (KHTML, like Gecko) Chrome/144.0.0.0 Safari/537.36','2026-02-16 11:14:16.178028','db00b8ffa4e34005a62abf2f1fbe26a5',12),(238,'db00b8ff-a4e3-4005-a62a-bf2f1fbe26a5','CREATE','{}','{\"path\": \"/skill/search/searching_result\", \"method\": \"GET\", \"status\": 200, \"description\": \"User visited /skill/search/searching_result\"}','127.0.0.1','Mozilla/5.0 (Macintosh; Intel Mac OS X 10_15_7) AppleWebKit/537.36 (KHTML, like Gecko) Chrome/144.0.0.0 Safari/537.36','2026-02-16 11:14:16.354327','db00b8ffa4e34005a62abf2f1fbe26a5',12),(239,'db00b8ff-a4e3-4005-a62a-bf2f1fbe26a5','CREATE','{}','{\"path\": \"/skill/search/searching_result\", \"method\": \"GET\", \"status\": 200, \"description\": \"User visited /skill/search/searching_result\"}','127.0.0.1','Mozilla/5.0 (Macintosh; Intel Mac OS X 10_15_7) AppleWebKit/537.36 (KHTML, like Gecko) Chrome/144.0.0.0 Safari/537.36','2026-02-16 11:14:20.231255','db00b8ffa4e34005a62abf2f1fbe26a5',12),(240,'db00b8ff-a4e3-4005-a62a-bf2f1fbe26a5','CREATE','{}','{\"path\": \"/skill/search/searching_result\", \"method\": \"GET\", \"status\": 200, \"description\": \"User visited /skill/search/searching_result\"}','127.0.0.1','Mozilla/5.0 (Macintosh; Intel Mac OS X 10_15_7) AppleWebKit/537.36 (KHTML, like Gecko) Chrome/144.0.0.0 Safari/537.36','2026-02-16 11:14:31.596669','db00b8ffa4e34005a62abf2f1fbe26a5',12),(241,'db00b8ff-a4e3-4005-a62a-bf2f1fbe26a5','CREATE','{}','{\"path\": \"/skill/search/searching_result\", \"method\": \"GET\", \"status\": 200, \"description\": \"User visited /skill/search/searching_result\"}','127.0.0.1','Mozilla/5.0 (Macintosh; Intel Mac OS X 10_15_7) AppleWebKit/537.36 (KHTML, like Gecko) Chrome/144.0.0.0 Safari/537.36','2026-02-16 11:14:35.866723','db00b8ffa4e34005a62abf2f1fbe26a5',12),(242,'db00b8ff-a4e3-4005-a62a-bf2f1fbe26a5','CREATE','{}','{\"path\": \"/skill/search/searching_result\", \"method\": \"GET\", \"status\": 200, \"description\": \"User visited /skill/search/searching_result\"}','127.0.0.1','Mozilla/5.0 (Macintosh; Intel Mac OS X 10_15_7) AppleWebKit/537.36 (KHTML, like Gecko) Chrome/144.0.0.0 Safari/537.36','2026-02-16 11:14:39.161964','db00b8ffa4e34005a62abf2f1fbe26a5',12),(243,'db00b8ff-a4e3-4005-a62a-bf2f1fbe26a5','CREATE','{}','{\"path\": \"/skill/search/searching_result\", \"method\": \"GET\", \"status\": 200, \"description\": \"User visited /skill/search/searching_result\"}','127.0.0.1','Mozilla/5.0 (Macintosh; Intel Mac OS X 10_15_7) AppleWebKit/537.36 (KHTML, like Gecko) Chrome/144.0.0.0 Safari/537.36','2026-02-16 11:14:43.743674','db00b8ffa4e34005a62abf2f1fbe26a5',12),(244,'db00b8ff-a4e3-4005-a62a-bf2f1fbe26a5','CREATE','{}','{\"path\": \"/skill/search/searching_result\", \"method\": \"GET\", \"status\": 200, \"description\": \"User visited /skill/search/searching_result\"}','127.0.0.1','Mozilla/5.0 (Macintosh; Intel Mac OS X 10_15_7) AppleWebKit/537.36 (KHTML, like Gecko) Chrome/144.0.0.0 Safari/537.36','2026-02-16 11:14:44.872594','db00b8ffa4e34005a62abf2f1fbe26a5',12),(245,'dee64888-0bee-4b48-a369-3c5ff8647ec2','UPDATE','{}','{\"path\": \"/login/\", \"method\": \"POST\", \"status\": 302, \"description\": \"User visited /login/\"}','127.0.0.1','Mozilla/5.0 (Macintosh; Intel Mac OS X 10_15_7) AppleWebKit/537.36 (KHTML, like Gecko) Chrome/144.0.0.0 Safari/537.36','2026-02-16 11:29:59.912610','dee648880bee4b48a3693c5ff8647ec2',12),(246,'dee64888-0bee-4b48-a369-3c5ff8647ec2','CREATE','{}','{\"path\": \"/users/dashboard/\", \"method\": \"GET\", \"status\": 200, \"description\": \"User visited /users/dashboard/\"}','127.0.0.1','Mozilla/5.0 (Macintosh; Intel Mac OS X 10_15_7) AppleWebKit/537.36 (KHTML, like Gecko) Chrome/144.0.0.0 Safari/537.36','2026-02-16 11:29:59.927611','dee648880bee4b48a3693c5ff8647ec2',12),(247,'dee64888-0bee-4b48-a369-3c5ff8647ec2','CREATE','{}','{\"path\": \"/media/profiles/Muddaser-Salihe_1pqEgSg.jpg\", \"method\": \"GET\", \"status\": 200, \"description\": \"User visited /media/profiles/Muddaser-Salihe_1pqEgSg.jpg\"}','127.0.0.1','Mozilla/5.0 (Macintosh; Intel Mac OS X 10_15_7) AppleWebKit/537.36 (KHTML, like Gecko) Chrome/144.0.0.0 Safari/537.36','2026-02-16 11:29:59.952385','dee648880bee4b48a3693c5ff8647ec2',12),(248,'dee64888-0bee-4b48-a369-3c5ff8647ec2','CREATE','{}','{\"path\": \"/users/profile/dee64888-0bee-4b48-a369-3c5ff8647ec2/\", \"method\": \"GET\", \"status\": 200, \"description\": \"User visited /users/profile/dee64888-0bee-4b48-a369-3c5ff8647ec2/\"}','127.0.0.1','Mozilla/5.0 (Macintosh; Intel Mac OS X 10_15_7) AppleWebKit/537.36 (KHTML, like Gecko) Chrome/144.0.0.0 Safari/537.36','2026-02-16 11:30:06.403457','dee648880bee4b48a3693c5ff8647ec2',12),(249,'dee64888-0bee-4b48-a369-3c5ff8647ec2','CREATE','{}','{\"path\": \"/users/load_cities\", \"method\": \"GET\", \"status\": 200, \"description\": \"User visited /users/load_cities\"}','127.0.0.1','Mozilla/5.0 (Macintosh; Intel Mac OS X 10_15_7) AppleWebKit/537.36 (KHTML, like Gecko) Chrome/144.0.0.0 Safari/537.36','2026-02-16 11:30:06.469689','dee648880bee4b48a3693c5ff8647ec2',12),(250,'dee64888-0bee-4b48-a369-3c5ff8647ec2','CREATE','{}','{\"path\": \"/users/load_districts\", \"method\": \"GET\", \"status\": 200, \"description\": \"User visited /users/load_districts\"}','127.0.0.1','Mozilla/5.0 (Macintosh; Intel Mac OS X 10_15_7) AppleWebKit/537.36 (KHTML, like Gecko) Chrome/144.0.0.0 Safari/537.36','2026-02-16 11:30:06.498862','dee648880bee4b48a3693c5ff8647ec2',12),(251,'dee64888-0bee-4b48-a369-3c5ff8647ec2','CREATE','{}','{\"path\": \"/searching_skills/\", \"method\": \"GET\", \"status\": 200, \"description\": \"User visited /searching_skills/\"}','127.0.0.1','Mozilla/5.0 (Macintosh; Intel Mac OS X 10_15_7) AppleWebKit/537.36 (KHTML, like Gecko) Chrome/144.0.0.0 Safari/537.36','2026-02-16 11:30:12.140929','dee648880bee4b48a3693c5ff8647ec2',12),(252,'dee64888-0bee-4b48-a369-3c5ff8647ec2','CREATE','{}','{\"path\": \"/users/user_skill/\", \"method\": \"GET\", \"status\": 200, \"description\": \"User visited /users/user_skill/\"}','127.0.0.1','Mozilla/5.0 (Macintosh; Intel Mac OS X 10_15_7) AppleWebKit/537.36 (KHTML, like Gecko) Chrome/144.0.0.0 Safari/537.36','2026-02-16 11:30:13.798374','dee648880bee4b48a3693c5ff8647ec2',12),(253,'dee64888-0bee-4b48-a369-3c5ff8647ec2','CREATE','{}','{\"path\": \"/skill/exchanges\", \"method\": \"GET\", \"status\": 200, \"description\": \"User visited /skill/exchanges\"}','127.0.0.1','Mozilla/5.0 (Macintosh; Intel Mac OS X 10_15_7) AppleWebKit/537.36 (KHTML, like Gecko) Chrome/144.0.0.0 Safari/537.36','2026-02-16 11:30:17.163641','dee648880bee4b48a3693c5ff8647ec2',12),(254,'dee64888-0bee-4b48-a369-3c5ff8647ec2','CREATE','{}','{\"path\": \"/searching_skills/\", \"method\": \"GET\", \"status\": 200, \"description\": \"User visited /searching_skills/\"}','127.0.0.1','Mozilla/5.0 (Macintosh; Intel Mac OS X 10_15_7) AppleWebKit/537.36 (KHTML, like Gecko) Chrome/144.0.0.0 Safari/537.36','2026-02-16 11:30:41.588515','dee648880bee4b48a3693c5ff8647ec2',12),(255,'dee64888-0bee-4b48-a369-3c5ff8647ec2','CREATE','{}','{\"path\": \"/users/user_skill/\", \"method\": \"GET\", \"status\": 200, \"description\": \"User visited /users/user_skill/\"}','127.0.0.1','Mozilla/5.0 (Macintosh; Intel Mac OS X 10_15_7) AppleWebKit/537.36 (KHTML, like Gecko) Chrome/144.0.0.0 Safari/537.36','2026-02-16 11:30:49.975832','dee648880bee4b48a3693c5ff8647ec2',12),(256,'dee64888-0bee-4b48-a369-3c5ff8647ec2','CREATE','{}','{\"path\": \"/searching_skills/\", \"method\": \"GET\", \"status\": 200, \"description\": \"User visited /searching_skills/\"}','127.0.0.1','Mozilla/5.0 (Macintosh; Intel Mac OS X 10_15_7) AppleWebKit/537.36 (KHTML, like Gecko) Chrome/144.0.0.0 Safari/537.36','2026-02-16 11:31:01.640226','dee648880bee4b48a3693c5ff8647ec2',12),(257,'dee64888-0bee-4b48-a369-3c5ff8647ec2','CREATE','{}','{\"path\": \"/skill/search/searching_result\", \"method\": \"GET\", \"status\": 200, \"description\": \"User visited /skill/search/searching_result\"}','127.0.0.1','Mozilla/5.0 (Macintosh; Intel Mac OS X 10_15_7) AppleWebKit/537.36 (KHTML, like Gecko) Chrome/144.0.0.0 Safari/537.36','2026-02-16 11:31:13.470740','dee648880bee4b48a3693c5ff8647ec2',12),(258,'dee64888-0bee-4b48-a369-3c5ff8647ec2','CREATE','{}','{\"path\": \"/media/profiles/Mohmammad_Elyas_Salihe_WmB5hDk.jpg\", \"method\": \"GET\", \"status\": 200, \"description\": \"User visited /media/profiles/Mohmammad_Elyas_Salihe_WmB5hDk.jpg\"}','127.0.0.1','Mozilla/5.0 (Macintosh; Intel Mac OS X 10_15_7) AppleWebKit/537.36 (KHTML, like Gecko) Chrome/144.0.0.0 Safari/537.36','2026-02-16 11:31:13.487810','dee648880bee4b48a3693c5ff8647ec2',12),(259,'434684a0-f263-4389-80d6-7464f2aed748','UPDATE','{}','{\"path\": \"/users/register/\", \"method\": \"POST\", \"status\": 302, \"description\": \"User visited /users/register/\"}','127.0.0.1','Mozilla/5.0 (Macintosh; Intel Mac OS X 10_15_7) AppleWebKit/537.36 (KHTML, like Gecko) Chrome/144.0.0.0 Safari/537.36','2026-02-16 11:45:07.494869','434684a0f263438980d67464f2aed748',12),(260,'434684a0-f263-4389-80d6-7464f2aed748','CREATE','{}','{\"path\": \"/searching_skills/\", \"method\": \"GET\", \"status\": 200, \"description\": \"User visited /searching_skills/\"}','127.0.0.1','Mozilla/5.0 (Macintosh; Intel Mac OS X 10_15_7) AppleWebKit/537.36 (KHTML, like Gecko) Chrome/144.0.0.0 Safari/537.36','2026-02-16 11:45:07.510206','434684a0f263438980d67464f2aed748',12),(261,'434684a0-f263-4389-80d6-7464f2aed748','CREATE','{}','{\"path\": \"/skill/search/searching_result\", \"method\": \"GET\", \"status\": 500, \"description\": \"User visited /skill/search/searching_result\"}','127.0.0.1','Mozilla/5.0 (Macintosh; Intel Mac OS X 10_15_7) AppleWebKit/537.36 (KHTML, like Gecko) Chrome/144.0.0.0 Safari/537.36','2026-02-16 11:45:12.079771','434684a0f263438980d67464f2aed748',12),(262,'434684a0-f263-4389-80d6-7464f2aed748','CREATE','{}','{\"path\": \"/favicon.ico\", \"method\": \"GET\", \"status\": 404, \"description\": \"User visited /favicon.ico\"}','127.0.0.1','Mozilla/5.0 (Macintosh; Intel Mac OS X 10_15_7) AppleWebKit/537.36 (KHTML, like Gecko) Chrome/144.0.0.0 Safari/537.36','2026-02-16 11:45:12.188517','434684a0f263438980d67464f2aed748',12),(263,'434684a0-f263-4389-80d6-7464f2aed748','CREATE','{}','{\"path\": \"/skill/search/searching_result\", \"method\": \"GET\", \"status\": 500, \"description\": \"User visited /skill/search/searching_result\"}','127.0.0.1','Mozilla/5.0 (Macintosh; Intel Mac OS X 10_15_7) AppleWebKit/537.36 (KHTML, like Gecko) Chrome/144.0.0.0 Safari/537.36','2026-02-16 11:45:20.376083','434684a0f263438980d67464f2aed748',12),(264,'434684a0-f263-4389-80d6-7464f2aed748','CREATE','{}','{\"path\": \"/users/profile/434684a0-f263-4389-80d6-7464f2aed748/\", \"method\": \"GET\", \"status\": 200, \"description\": \"User visited /users/profile/434684a0-f263-4389-80d6-7464f2aed748/\"}','127.0.0.1','Mozilla/5.0 (Macintosh; Intel Mac OS X 10_15_7) AppleWebKit/537.36 (KHTML, like Gecko) Chrome/144.0.0.0 Safari/537.36','2026-02-16 11:45:34.175399','434684a0f263438980d67464f2aed748',12),(265,'434684a0-f263-4389-80d6-7464f2aed748','CREATE','{}','{\"path\": \"/users/load_cities\", \"method\": \"GET\", \"status\": 200, \"description\": \"User visited /users/load_cities\"}','127.0.0.1','Mozilla/5.0 (Macintosh; Intel Mac OS X 10_15_7) AppleWebKit/537.36 (KHTML, like Gecko) Chrome/144.0.0.0 Safari/537.36','2026-02-16 11:45:49.075957','434684a0f263438980d67464f2aed748',12),(266,'434684a0-f263-4389-80d6-7464f2aed748','CREATE','{}','{\"path\": \"/users/load_districts\", \"method\": \"GET\", \"status\": 200, \"description\": \"User visited /users/load_districts\"}','127.0.0.1','Mozilla/5.0 (Macintosh; Intel Mac OS X 10_15_7) AppleWebKit/537.36 (KHTML, like Gecko) Chrome/144.0.0.0 Safari/537.36','2026-02-16 11:45:52.795085','434684a0f263438980d67464f2aed748',12),(267,'434684a0-f263-4389-80d6-7464f2aed748','CREATE','{}','{\"path\": \"/skill/search/searching_result\", \"method\": \"GET\", \"status\": 500, \"description\": \"User visited /skill/search/searching_result\"}','127.0.0.1','Mozilla/5.0 (Macintosh; Intel Mac OS X 10_15_7) AppleWebKit/537.36 (KHTML, like Gecko) Chrome/144.0.0.0 Safari/537.36','2026-02-16 11:46:08.777041','434684a0f263438980d67464f2aed748',12),(268,'434684a0-f263-4389-80d6-7464f2aed748','CREATE','{}','{\"path\": \"/searching_skills/\", \"method\": \"GET\", \"status\": 200, \"description\": \"User visited /searching_skills/\"}','127.0.0.1','Mozilla/5.0 (Macintosh; Intel Mac OS X 10_15_7) AppleWebKit/537.36 (KHTML, like Gecko) Chrome/144.0.0.0 Safari/537.36','2026-02-16 11:51:01.160054','434684a0f263438980d67464f2aed748',12),(269,'434684a0-f263-4389-80d6-7464f2aed748','CREATE','{}','{\"path\": \"/users/profile/434684a0-f263-4389-80d6-7464f2aed748/\", \"method\": \"GET\", \"status\": 200, \"description\": \"User visited /users/profile/434684a0-f263-4389-80d6-7464f2aed748/\"}','127.0.0.1','Mozilla/5.0 (Macintosh; Intel Mac OS X 10_15_7) AppleWebKit/537.36 (KHTML, like Gecko) Chrome/144.0.0.0 Safari/537.36','2026-02-16 11:51:11.001461','434684a0f263438980d67464f2aed748',12),(270,'434684a0-f263-4389-80d6-7464f2aed748','CREATE','{}','{\"path\": \"/users/profile/434684a0-f263-4389-80d6-7464f2aed748/\", \"method\": \"GET\", \"status\": 200, \"description\": \"User visited /users/profile/434684a0-f263-4389-80d6-7464f2aed748/\"}','127.0.0.1','Mozilla/5.0 (Macintosh; Intel Mac OS X 10_15_7) AppleWebKit/537.36 (KHTML, like Gecko) Chrome/144.0.0.0 Safari/537.36','2026-02-16 11:51:43.990882','434684a0f263438980d67464f2aed748',12),(271,'434684a0-f263-4389-80d6-7464f2aed748','CREATE','{}','{\"path\": \"/searching_skills/\", \"method\": \"GET\", \"status\": 200, \"description\": \"User visited /searching_skills/\"}','127.0.0.1','Mozilla/5.0 (Macintosh; Intel Mac OS X 10_15_7) AppleWebKit/537.36 (KHTML, like Gecko) Chrome/144.0.0.0 Safari/537.36','2026-02-16 11:52:27.060676','434684a0f263438980d67464f2aed748',12),(272,'434684a0-f263-4389-80d6-7464f2aed748','CREATE','{}','{\"path\": \"/skill/search/searching_result\", \"method\": \"GET\", \"status\": 500, \"description\": \"User visited /skill/search/searching_result\"}','127.0.0.1','Mozilla/5.0 (Macintosh; Intel Mac OS X 10_15_7) AppleWebKit/537.36 (KHTML, like Gecko) Chrome/144.0.0.0 Safari/537.36','2026-02-16 11:52:29.713053','434684a0f263438980d67464f2aed748',12),(273,'434684a0-f263-4389-80d6-7464f2aed748','CREATE','{}','{\"path\": \"/skill/search/searching_result\", \"method\": \"GET\", \"status\": 500, \"description\": \"User visited /skill/search/searching_result\"}','127.0.0.1','Mozilla/5.0 (Macintosh; Intel Mac OS X 10_15_7) AppleWebKit/537.36 (KHTML, like Gecko) Chrome/144.0.0.0 Safari/537.36','2026-02-16 11:54:06.500978','434684a0f263438980d67464f2aed748',12),(274,'434684a0-f263-4389-80d6-7464f2aed748','CREATE','{}','{\"path\": \"/skill/search/searching_result\", \"method\": \"GET\", \"status\": 302, \"description\": \"User visited /skill/search/searching_result\"}','127.0.0.1','Mozilla/5.0 (Macintosh; Intel Mac OS X 10_15_7) AppleWebKit/537.36 (KHTML, like Gecko) Chrome/144.0.0.0 Safari/537.36','2026-02-16 11:54:49.744218','434684a0f263438980d67464f2aed748',12),(275,'434684a0-f263-4389-80d6-7464f2aed748','CREATE','{}','{\"path\": \"/users/profile/434684a0-f263-4389-80d6-7464f2aed748/\", \"method\": \"GET\", \"status\": 200, \"description\": \"User visited /users/profile/434684a0-f263-4389-80d6-7464f2aed748/\"}','127.0.0.1','Mozilla/5.0 (Macintosh; Intel Mac OS X 10_15_7) AppleWebKit/537.36 (KHTML, like Gecko) Chrome/144.0.0.0 Safari/537.36','2026-02-16 11:54:49.778218','434684a0f263438980d67464f2aed748',12),(276,'434684a0-f263-4389-80d6-7464f2aed748','CREATE','{}','{\"path\": \"/searching_skills/\", \"method\": \"GET\", \"status\": 200, \"description\": \"User visited /searching_skills/\"}','127.0.0.1','Mozilla/5.0 (Macintosh; Intel Mac OS X 10_15_7) AppleWebKit/537.36 (KHTML, like Gecko) Chrome/144.0.0.0 Safari/537.36','2026-02-16 11:54:52.563707','434684a0f263438980d67464f2aed748',12),(277,'434684a0-f263-4389-80d6-7464f2aed748','CREATE','{}','{\"path\": \"/skill/search/searching_result\", \"method\": \"GET\", \"status\": 302, \"description\": \"User visited /skill/search/searching_result\"}','127.0.0.1','Mozilla/5.0 (Macintosh; Intel Mac OS X 10_15_7) AppleWebKit/537.36 (KHTML, like Gecko) Chrome/144.0.0.0 Safari/537.36','2026-02-16 11:54:57.423506','434684a0f263438980d67464f2aed748',12),(278,'434684a0-f263-4389-80d6-7464f2aed748','CREATE','{}','{\"path\": \"/users/profile/434684a0-f263-4389-80d6-7464f2aed748/\", \"method\": \"GET\", \"status\": 200, \"description\": \"User visited /users/profile/434684a0-f263-4389-80d6-7464f2aed748/\"}','127.0.0.1','Mozilla/5.0 (Macintosh; Intel Mac OS X 10_15_7) AppleWebKit/537.36 (KHTML, like Gecko) Chrome/144.0.0.0 Safari/537.36','2026-02-16 11:54:57.448773','434684a0f263438980d67464f2aed748',12),(279,'434684a0-f263-4389-80d6-7464f2aed748','CREATE','{}','{\"path\": \"/users/load_cities\", \"method\": \"GET\", \"status\": 200, \"description\": \"User visited /users/load_cities\"}','127.0.0.1','Mozilla/5.0 (Macintosh; Intel Mac OS X 10_15_7) AppleWebKit/537.36 (KHTML, like Gecko) Chrome/144.0.0.0 Safari/537.36','2026-02-16 11:55:46.225319','434684a0f263438980d67464f2aed748',12),(280,'434684a0-f263-4389-80d6-7464f2aed748','CREATE','{}','{\"path\": \"/users/load_districts\", \"method\": \"GET\", \"status\": 200, \"description\": \"User visited /users/load_districts\"}','127.0.0.1','Mozilla/5.0 (Macintosh; Intel Mac OS X 10_15_7) AppleWebKit/537.36 (KHTML, like Gecko) Chrome/144.0.0.0 Safari/537.36','2026-02-16 11:55:49.671648','434684a0f263438980d67464f2aed748',12),(281,'434684a0-f263-4389-80d6-7464f2aed748','UPDATE','{}','{\"path\": \"/users/update_user_profile/434684a0-f263-4389-80d6-7464f2aed748/\", \"method\": \"POST\", \"status\": 302, \"description\": \"User visited /users/update_user_profile/434684a0-f263-4389-80d6-7464f2aed748/\"}','127.0.0.1','Mozilla/5.0 (Macintosh; Intel Mac OS X 10_15_7) AppleWebKit/537.36 (KHTML, like Gecko) Chrome/144.0.0.0 Safari/537.36','2026-02-16 11:56:00.250070','434684a0f263438980d67464f2aed748',12),(282,'434684a0-f263-4389-80d6-7464f2aed748','UPDATE','{}','{\"path\": \"/login/\", \"method\": \"POST\", \"status\": 302, \"description\": \"User visited /login/\"}','127.0.0.1','Mozilla/5.0 (Macintosh; Intel Mac OS X 10_15_7) AppleWebKit/537.36 (KHTML, like Gecko) Chrome/144.0.0.0 Safari/537.36','2026-02-16 11:56:08.309579','434684a0f263438980d67464f2aed748',12),(283,'434684a0-f263-4389-80d6-7464f2aed748','CREATE','{}','{\"path\": \"/users/dashboard/\", \"method\": \"GET\", \"status\": 200, \"description\": \"User visited /users/dashboard/\"}','127.0.0.1','Mozilla/5.0 (Macintosh; Intel Mac OS X 10_15_7) AppleWebKit/537.36 (KHTML, like Gecko) Chrome/144.0.0.0 Safari/537.36','2026-02-16 11:56:08.320727','434684a0f263438980d67464f2aed748',12),(284,'434684a0-f263-4389-80d6-7464f2aed748','CREATE','{}','{\"path\": \"/searching_skills/\", \"method\": \"GET\", \"status\": 200, \"description\": \"User visited /searching_skills/\"}','127.0.0.1','Mozilla/5.0 (Macintosh; Intel Mac OS X 10_15_7) AppleWebKit/537.36 (KHTML, like Gecko) Chrome/144.0.0.0 Safari/537.36','2026-02-16 11:56:11.168663','434684a0f263438980d67464f2aed748',12),(285,'434684a0-f263-4389-80d6-7464f2aed748','CREATE','{}','{\"path\": \"/skill/search/searching_result\", \"method\": \"GET\", \"status\": 200, \"description\": \"User visited /skill/search/searching_result\"}','127.0.0.1','Mozilla/5.0 (Macintosh; Intel Mac OS X 10_15_7) AppleWebKit/537.36 (KHTML, like Gecko) Chrome/144.0.0.0 Safari/537.36','2026-02-16 11:56:20.760903','434684a0f263438980d67464f2aed748',12),(286,'434684a0-f263-4389-80d6-7464f2aed748','CREATE','{}','{\"path\": \"/media/profiles/Mohmammad_Elyas_Salihe_WmB5hDk.jpg\", \"method\": \"GET\", \"status\": 200, \"description\": \"User visited /media/profiles/Mohmammad_Elyas_Salihe_WmB5hDk.jpg\"}','127.0.0.1','Mozilla/5.0 (Macintosh; Intel Mac OS X 10_15_7) AppleWebKit/537.36 (KHTML, like Gecko) Chrome/144.0.0.0 Safari/537.36','2026-02-16 11:56:20.786723','434684a0f263438980d67464f2aed748',12),(287,'434684a0-f263-4389-80d6-7464f2aed748','CREATE','{}','{\"path\": \"/skill/search/searching_result\", \"method\": \"GET\", \"status\": 200, \"description\": \"User visited /skill/search/searching_result\"}','127.0.0.1','Mozilla/5.0 (Macintosh; Intel Mac OS X 10_15_7) AppleWebKit/537.36 (KHTML, like Gecko) Chrome/144.0.0.0 Safari/537.36','2026-02-16 11:56:26.730569','434684a0f263438980d67464f2aed748',12),(288,'434684a0-f263-4389-80d6-7464f2aed748','CREATE','{}','{\"path\": \"/skill/search/searching_result\", \"method\": \"GET\", \"status\": 200, \"description\": \"User visited /skill/search/searching_result\"}','127.0.0.1','Mozilla/5.0 (Macintosh; Intel Mac OS X 10_15_7) AppleWebKit/537.36 (KHTML, like Gecko) Chrome/144.0.0.0 Safari/537.36','2026-02-16 11:56:34.595083','434684a0f263438980d67464f2aed748',12),(289,'434684a0-f263-4389-80d6-7464f2aed748','CREATE','{}','{\"path\": \"/skill/search/searching_result\", \"method\": \"GET\", \"status\": 200, \"description\": \"User visited /skill/search/searching_result\"}','127.0.0.1','Mozilla/5.0 (Macintosh; Intel Mac OS X 10_15_7) AppleWebKit/537.36 (KHTML, like Gecko) Chrome/144.0.0.0 Safari/537.36','2026-02-16 11:56:43.087341','434684a0f263438980d67464f2aed748',12),(290,'434684a0-f263-4389-80d6-7464f2aed748','CREATE','{}','{\"path\": \"/skill/search/searching_result\", \"method\": \"GET\", \"status\": 200, \"description\": \"User visited /skill/search/searching_result\"}','127.0.0.1','Mozilla/5.0 (Macintosh; Intel Mac OS X 10_15_7) AppleWebKit/537.36 (KHTML, like Gecko) Chrome/144.0.0.0 Safari/537.36','2026-02-16 11:56:44.292198','434684a0f263438980d67464f2aed748',12),(291,'dee64888-0bee-4b48-a369-3c5ff8647ec2','UPDATE','{}','{\"path\": \"/login/\", \"method\": \"POST\", \"status\": 302, \"description\": \"User visited /login/\"}','127.0.0.1','Mozilla/5.0 (Macintosh; Intel Mac OS X 10_15_7) AppleWebKit/537.36 (KHTML, like Gecko) Chrome/144.0.0.0 Safari/537.36','2026-02-16 12:24:40.216027','dee648880bee4b48a3693c5ff8647ec2',12),(292,'dee64888-0bee-4b48-a369-3c5ff8647ec2','CREATE','{}','{\"path\": \"/users/dashboard/\", \"method\": \"GET\", \"status\": 200, \"description\": \"User visited /users/dashboard/\"}','127.0.0.1','Mozilla/5.0 (Macintosh; Intel Mac OS X 10_15_7) AppleWebKit/537.36 (KHTML, like Gecko) Chrome/144.0.0.0 Safari/537.36','2026-02-16 12:24:40.233505','dee648880bee4b48a3693c5ff8647ec2',12),(293,'dee64888-0bee-4b48-a369-3c5ff8647ec2','CREATE','{}','{\"path\": \"/media/profiles/Muddaser-Salihe_1pqEgSg.jpg\", \"method\": \"GET\", \"status\": 200, \"description\": \"User visited /media/profiles/Muddaser-Salihe_1pqEgSg.jpg\"}','127.0.0.1','Mozilla/5.0 (Macintosh; Intel Mac OS X 10_15_7) AppleWebKit/537.36 (KHTML, like Gecko) Chrome/144.0.0.0 Safari/537.36','2026-02-16 12:24:40.258969','dee648880bee4b48a3693c5ff8647ec2',12),(294,'dee64888-0bee-4b48-a369-3c5ff8647ec2','CREATE','{}','{\"path\": \"/users/user_skill/\", \"method\": \"GET\", \"status\": 200, \"description\": \"User visited /users/user_skill/\"}','127.0.0.1','Mozilla/5.0 (Macintosh; Intel Mac OS X 10_15_7) AppleWebKit/537.36 (KHTML, like Gecko) Chrome/144.0.0.0 Safari/537.36','2026-02-16 12:24:46.248725','dee648880bee4b48a3693c5ff8647ec2',12),(295,'dee64888-0bee-4b48-a369-3c5ff8647ec2','CREATE','{}','{\"path\": \"/skill/exchanges\", \"method\": \"GET\", \"status\": 200, \"description\": \"User visited /skill/exchanges\"}','127.0.0.1','Mozilla/5.0 (Macintosh; Intel Mac OS X 10_15_7) AppleWebKit/537.36 (KHTML, like Gecko) Chrome/144.0.0.0 Safari/537.36','2026-02-16 12:24:47.622833','dee648880bee4b48a3693c5ff8647ec2',12),(296,'8f0198b5-6239-4c2a-ab43-b1997937eb71','UPDATE','{}','{\"path\": \"/users/register/\", \"method\": \"POST\", \"status\": 302, \"description\": \"User visited /users/register/\"}','127.0.0.1','Mozilla/5.0 (Macintosh; Intel Mac OS X 10_15_7) AppleWebKit/537.36 (KHTML, like Gecko) Chrome/144.0.0.0 Safari/537.36','2026-02-16 12:33:37.480013','8f0198b562394c2aab43b1997937eb71',12),(297,'8f0198b5-6239-4c2a-ab43-b1997937eb71','CREATE','{}','{\"path\": \"/searching_skills/\", \"method\": \"GET\", \"status\": 200, \"description\": \"User visited /searching_skills/\"}','127.0.0.1','Mozilla/5.0 (Macintosh; Intel Mac OS X 10_15_7) AppleWebKit/537.36 (KHTML, like Gecko) Chrome/144.0.0.0 Safari/537.36','2026-02-16 12:33:37.494746','8f0198b562394c2aab43b1997937eb71',12),(298,'8f0198b5-6239-4c2a-ab43-b1997937eb71','CREATE','{}','{\"path\": \"/skill/search/searching_result\", \"method\": \"GET\", \"status\": 302, \"description\": \"User visited /skill/search/searching_result\"}','127.0.0.1','Mozilla/5.0 (Macintosh; Intel Mac OS X 10_15_7) AppleWebKit/537.36 (KHTML, like Gecko) Chrome/144.0.0.0 Safari/537.36','2026-02-16 12:33:42.079266','8f0198b562394c2aab43b1997937eb71',12),(299,'8f0198b5-6239-4c2a-ab43-b1997937eb71','CREATE','{}','{\"path\": \"/users/profile/8f0198b5-6239-4c2a-ab43-b1997937eb71/\", \"method\": \"GET\", \"status\": 200, \"description\": \"User visited /users/profile/8f0198b5-6239-4c2a-ab43-b1997937eb71/\"}','127.0.0.1','Mozilla/5.0 (Macintosh; Intel Mac OS X 10_15_7) AppleWebKit/537.36 (KHTML, like Gecko) Chrome/144.0.0.0 Safari/537.36','2026-02-16 12:33:42.107627','8f0198b562394c2aab43b1997937eb71',12),(300,'8f0198b5-6239-4c2a-ab43-b1997937eb71','CREATE','{}','{\"path\": \"/users/load_cities\", \"method\": \"GET\", \"status\": 200, \"description\": \"User visited /users/load_cities\"}','127.0.0.1','Mozilla/5.0 (Macintosh; Intel Mac OS X 10_15_7) AppleWebKit/537.36 (KHTML, like Gecko) Chrome/144.0.0.0 Safari/537.36','2026-02-16 12:34:16.649578','8f0198b562394c2aab43b1997937eb71',12),(301,'8f0198b5-6239-4c2a-ab43-b1997937eb71','CREATE','{}','{\"path\": \"/users/load_districts\", \"method\": \"GET\", \"status\": 200, \"description\": \"User visited /users/load_districts\"}','127.0.0.1','Mozilla/5.0 (Macintosh; Intel Mac OS X 10_15_7) AppleWebKit/537.36 (KHTML, like Gecko) Chrome/144.0.0.0 Safari/537.36','2026-02-16 12:34:20.430877','8f0198b562394c2aab43b1997937eb71',12),(302,'8f0198b5-6239-4c2a-ab43-b1997937eb71','UPDATE','{}','{\"path\": \"/users/update_user_profile/8f0198b5-6239-4c2a-ab43-b1997937eb71/\", \"method\": \"POST\", \"status\": 302, \"description\": \"User visited /users/update_user_profile/8f0198b5-6239-4c2a-ab43-b1997937eb71/\"}','127.0.0.1','Mozilla/5.0 (Macintosh; Intel Mac OS X 10_15_7) AppleWebKit/537.36 (KHTML, like Gecko) Chrome/144.0.0.0 Safari/537.36','2026-02-16 12:34:35.776358','8f0198b562394c2aab43b1997937eb71',12),(303,'8f0198b5-6239-4c2a-ab43-b1997937eb71','CREATE','{}','{\"path\": \"/users/profile/8f0198b5-6239-4c2a-ab43-b1997937eb71/\", \"method\": \"GET\", \"status\": 200, \"description\": \"User visited /users/profile/8f0198b5-6239-4c2a-ab43-b1997937eb71/\"}','127.0.0.1','Mozilla/5.0 (Macintosh; Intel Mac OS X 10_15_7) AppleWebKit/537.36 (KHTML, like Gecko) Chrome/144.0.0.0 Safari/537.36','2026-02-16 12:34:35.811375','8f0198b562394c2aab43b1997937eb71',12),(304,'8f0198b5-6239-4c2a-ab43-b1997937eb71','CREATE','{}','{\"path\": \"/users/load_cities\", \"method\": \"GET\", \"status\": 200, \"description\": \"User visited /users/load_cities\"}','127.0.0.1','Mozilla/5.0 (Macintosh; Intel Mac OS X 10_15_7) AppleWebKit/537.36 (KHTML, like Gecko) Chrome/144.0.0.0 Safari/537.36','2026-02-16 12:34:35.894910','8f0198b562394c2aab43b1997937eb71',12),(305,'8f0198b5-6239-4c2a-ab43-b1997937eb71','CREATE','{}','{\"path\": \"/users/load_districts\", \"method\": \"GET\", \"status\": 200, \"description\": \"User visited /users/load_districts\"}','127.0.0.1','Mozilla/5.0 (Macintosh; Intel Mac OS X 10_15_7) AppleWebKit/537.36 (KHTML, like Gecko) Chrome/144.0.0.0 Safari/537.36','2026-02-16 12:34:35.921209','8f0198b562394c2aab43b1997937eb71',12),(306,'8f0198b5-6239-4c2a-ab43-b1997937eb71','UPDATE','{}','{\"path\": \"/users/update_user_profile/8f0198b5-6239-4c2a-ab43-b1997937eb71/\", \"method\": \"POST\", \"status\": 302, \"description\": \"User visited /users/update_user_profile/8f0198b5-6239-4c2a-ab43-b1997937eb71/\"}','127.0.0.1','Mozilla/5.0 (Macintosh; Intel Mac OS X 10_15_7) AppleWebKit/537.36 (KHTML, like Gecko) Chrome/144.0.0.0 Safari/537.36','2026-02-16 12:34:45.257998','8f0198b562394c2aab43b1997937eb71',12),(307,'8f0198b5-6239-4c2a-ab43-b1997937eb71','CREATE','{}','{\"path\": \"/users/profile/8f0198b5-6239-4c2a-ab43-b1997937eb71/\", \"method\": \"GET\", \"status\": 200, \"description\": \"User visited /users/profile/8f0198b5-6239-4c2a-ab43-b1997937eb71/\"}','127.0.0.1','Mozilla/5.0 (Macintosh; Intel Mac OS X 10_15_7) AppleWebKit/537.36 (KHTML, like Gecko) Chrome/144.0.0.0 Safari/537.36','2026-02-16 12:34:45.284618','8f0198b562394c2aab43b1997937eb71',12),(308,'8f0198b5-6239-4c2a-ab43-b1997937eb71','CREATE','{}','{\"path\": \"/users/load_cities\", \"method\": \"GET\", \"status\": 200, \"description\": \"User visited /users/load_cities\"}','127.0.0.1','Mozilla/5.0 (Macintosh; Intel Mac OS X 10_15_7) AppleWebKit/537.36 (KHTML, like Gecko) Chrome/144.0.0.0 Safari/537.36','2026-02-16 12:34:45.348006','8f0198b562394c2aab43b1997937eb71',12),(309,'8f0198b5-6239-4c2a-ab43-b1997937eb71','CREATE','{}','{\"path\": \"/users/load_districts\", \"method\": \"GET\", \"status\": 200, \"description\": \"User visited /users/load_districts\"}','127.0.0.1','Mozilla/5.0 (Macintosh; Intel Mac OS X 10_15_7) AppleWebKit/537.36 (KHTML, like Gecko) Chrome/144.0.0.0 Safari/537.36','2026-02-16 12:34:45.374747','8f0198b562394c2aab43b1997937eb71',12),(310,'8f0198b5-6239-4c2a-ab43-b1997937eb71','CREATE','{}','{\"path\": \"/searching_skills/\", \"method\": \"GET\", \"status\": 200, \"description\": \"User visited /searching_skills/\"}','127.0.0.1','Mozilla/5.0 (Macintosh; Intel Mac OS X 10_15_7) AppleWebKit/537.36 (KHTML, like Gecko) Chrome/144.0.0.0 Safari/537.36','2026-02-16 12:34:46.629452','8f0198b562394c2aab43b1997937eb71',12),(311,'8f0198b5-6239-4c2a-ab43-b1997937eb71','CREATE','{}','{\"path\": \"/skill/search/searching_result\", \"method\": \"GET\", \"status\": 200, \"description\": \"User visited /skill/search/searching_result\"}','127.0.0.1','Mozilla/5.0 (Macintosh; Intel Mac OS X 10_15_7) AppleWebKit/537.36 (KHTML, like Gecko) Chrome/144.0.0.0 Safari/537.36','2026-02-16 12:35:02.715232','8f0198b562394c2aab43b1997937eb71',12),(312,'8f0198b5-6239-4c2a-ab43-b1997937eb71','CREATE','{}','{\"path\": \"/media/profiles/Mohmammad_Elyas_Salihe_WmB5hDk.jpg\", \"method\": \"GET\", \"status\": 200, \"description\": \"User visited /media/profiles/Mohmammad_Elyas_Salihe_WmB5hDk.jpg\"}','127.0.0.1','Mozilla/5.0 (Macintosh; Intel Mac OS X 10_15_7) AppleWebKit/537.36 (KHTML, like Gecko) Chrome/144.0.0.0 Safari/537.36','2026-02-16 12:35:02.730295','8f0198b562394c2aab43b1997937eb71',12),(313,'8f0198b5-6239-4c2a-ab43-b1997937eb71','UPDATE','{}','{\"path\": \"/skill/exchange_request/3d6c16f2-3102-4f71-9f38-9bdbba06dece/send/\", \"method\": \"POST\", \"status\": 302, \"description\": \"User visited /skill/exchange_request/3d6c16f2-3102-4f71-9f38-9bdbba06dece/send/\"}','127.0.0.1','Mozilla/5.0 (Macintosh; Intel Mac OS X 10_15_7) AppleWebKit/537.36 (KHTML, like Gecko) Chrome/144.0.0.0 Safari/537.36','2026-02-16 12:35:07.956190','8f0198b562394c2aab43b1997937eb71',12),(314,'8f0198b5-6239-4c2a-ab43-b1997937eb71','CREATE','{}','{\"path\": \"/skill/search/searching_result\", \"method\": \"GET\", \"status\": 200, \"description\": \"User visited /skill/search/searching_result\"}','127.0.0.1','Mozilla/5.0 (Macintosh; Intel Mac OS X 10_15_7) AppleWebKit/537.36 (KHTML, like Gecko) Chrome/144.0.0.0 Safari/537.36','2026-02-16 12:35:07.989863','8f0198b562394c2aab43b1997937eb71',12),(315,'8f0198b5-6239-4c2a-ab43-b1997937eb71','CREATE','{}','{\"path\": \"/media/profiles/Muddaser-Salihe_1pqEgSg.jpg\", \"method\": \"GET\", \"status\": 200, \"description\": \"User visited /media/profiles/Muddaser-Salihe_1pqEgSg.jpg\"}','127.0.0.1','Mozilla/5.0 (Macintosh; Intel Mac OS X 10_15_7) AppleWebKit/537.36 (KHTML, like Gecko) Chrome/144.0.0.0 Safari/537.36','2026-02-16 12:35:08.012353','8f0198b562394c2aab43b1997937eb71',12),(316,'8f0198b5-6239-4c2a-ab43-b1997937eb71','UPDATE','{}','{\"path\": \"/skill/exchange_request/3d6c16f2-3102-4f71-9f38-9bdbba06dece/send/\", \"method\": \"POST\", \"status\": 302, \"description\": \"User visited /skill/exchange_request/3d6c16f2-3102-4f71-9f38-9bdbba06dece/send/\"}','127.0.0.1','Mozilla/5.0 (Macintosh; Intel Mac OS X 10_15_7) AppleWebKit/537.36 (KHTML, like Gecko) Chrome/144.0.0.0 Safari/537.36','2026-02-16 12:35:20.321155','8f0198b562394c2aab43b1997937eb71',12),(317,'8f0198b5-6239-4c2a-ab43-b1997937eb71','CREATE','{}','{\"path\": \"/skill/search/searching_result\", \"method\": \"GET\", \"status\": 200, \"description\": \"User visited /skill/search/searching_result\"}','127.0.0.1','Mozilla/5.0 (Macintosh; Intel Mac OS X 10_15_7) AppleWebKit/537.36 (KHTML, like Gecko) Chrome/144.0.0.0 Safari/537.36','2026-02-16 12:35:20.358705','8f0198b562394c2aab43b1997937eb71',12),(318,'db00b8ff-a4e3-4005-a62a-bf2f1fbe26a5','UPDATE','{}','{\"path\": \"/login/\", \"method\": \"POST\", \"status\": 302, \"description\": \"User visited /login/\"}','127.0.0.1','Mozilla/5.0 (Macintosh; Intel Mac OS X 10_15_7) AppleWebKit/537.36 (KHTML, like Gecko) Chrome/144.0.0.0 Safari/537.36','2026-02-16 12:35:33.065174','db00b8ffa4e34005a62abf2f1fbe26a5',12),(319,'db00b8ff-a4e3-4005-a62a-bf2f1fbe26a5','CREATE','{}','{\"path\": \"/users/dashboard/\", \"method\": \"GET\", \"status\": 200, \"description\": \"User visited /users/dashboard/\"}','127.0.0.1','Mozilla/5.0 (Macintosh; Intel Mac OS X 10_15_7) AppleWebKit/537.36 (KHTML, like Gecko) Chrome/144.0.0.0 Safari/537.36','2026-02-16 12:35:33.075644','db00b8ffa4e34005a62abf2f1fbe26a5',12),(320,'db00b8ff-a4e3-4005-a62a-bf2f1fbe26a5','CREATE','{}','{\"path\": \"/skill/swap_skill\", \"method\": \"GET\", \"status\": 200, \"description\": \"User visited /skill/swap_skill\"}','127.0.0.1','Mozilla/5.0 (Macintosh; Intel Mac OS X 10_15_7) AppleWebKit/537.36 (KHTML, like Gecko) Chrome/144.0.0.0 Safari/537.36','2026-02-16 12:35:36.624873','db00b8ffa4e34005a62abf2f1fbe26a5',12),(321,'db00b8ff-a4e3-4005-a62a-bf2f1fbe26a5','CREATE','{}','{\"path\": \"/skill/swap_skill\", \"method\": \"GET\", \"status\": 200, \"description\": \"User visited /skill/swap_skill\"}','127.0.0.1','Mozilla/5.0 (Macintosh; Intel Mac OS X 10_15_7) AppleWebKit/537.36 (KHTML, like Gecko) Chrome/144.0.0.0 Safari/537.36','2026-02-16 12:55:10.188241','db00b8ffa4e34005a62abf2f1fbe26a5',12),(322,'db00b8ff-a4e3-4005-a62a-bf2f1fbe26a5','CREATE','{}','{\"path\": \"/media/profiles/Mohmammad_Elyas_Salihe_WmB5hDk.jpg\", \"method\": \"GET\", \"status\": 200, \"description\": \"User visited /media/profiles/Mohmammad_Elyas_Salihe_WmB5hDk.jpg\"}','127.0.0.1','Mozilla/5.0 (Macintosh; Intel Mac OS X 10_15_7) AppleWebKit/537.36 (KHTML, like Gecko) Chrome/144.0.0.0 Safari/537.36','2026-02-16 12:55:10.229615','db00b8ffa4e34005a62abf2f1fbe26a5',12),(323,'db00b8ff-a4e3-4005-a62a-bf2f1fbe26a5','CREATE','{}','{\"path\": \"/skill/swap_skill\", \"method\": \"GET\", \"status\": 200, \"description\": \"User visited /skill/swap_skill\"}','127.0.0.1','Mozilla/5.0 (Macintosh; Intel Mac OS X 10_15_7) AppleWebKit/537.36 (KHTML, like Gecko) Chrome/144.0.0.0 Safari/537.36','2026-02-16 12:55:21.545570','db00b8ffa4e34005a62abf2f1fbe26a5',12),(324,'db00b8ff-a4e3-4005-a62a-bf2f1fbe26a5','CREATE','{}','{\"path\": \"/media/profiles/Mohmammad_Elyas_Salihe_WmB5hDk.jpg\", \"method\": \"GET\", \"status\": 200, \"description\": \"User visited /media/profiles/Mohmammad_Elyas_Salihe_WmB5hDk.jpg\"}','127.0.0.1','Mozilla/5.0 (Macintosh; Intel Mac OS X 10_15_7) AppleWebKit/537.36 (KHTML, like Gecko) Chrome/144.0.0.0 Safari/537.36','2026-02-16 12:55:21.575964','db00b8ffa4e34005a62abf2f1fbe26a5',12),(325,'db00b8ff-a4e3-4005-a62a-bf2f1fbe26a5','CREATE','{}','{\"path\": \"/skill/swap_skill\", \"method\": \"GET\", \"status\": 200, \"description\": \"User visited /skill/swap_skill\"}','127.0.0.1','Mozilla/5.0 (Macintosh; Intel Mac OS X 10_15_7) AppleWebKit/537.36 (KHTML, like Gecko) Chrome/144.0.0.0 Safari/537.36','2026-02-16 13:19:56.602453','db00b8ffa4e34005a62abf2f1fbe26a5',12),(326,'db00b8ff-a4e3-4005-a62a-bf2f1fbe26a5','CREATE','{}','{\"path\": \"/media/profiles/Mohmammad_Elyas_Salihe_WmB5hDk.jpg\", \"method\": \"GET\", \"status\": 304, \"description\": \"User visited /media/profiles/Mohmammad_Elyas_Salihe_WmB5hDk.jpg\"}','127.0.0.1','Mozilla/5.0 (Macintosh; Intel Mac OS X 10_15_7) AppleWebKit/537.36 (KHTML, like Gecko) Chrome/144.0.0.0 Safari/537.36','2026-02-16 13:19:56.638267','db00b8ffa4e34005a62abf2f1fbe26a5',12),(327,'bd811fdc-f178-43de-abcd-542c64d33883','UPDATE','{}','{\"path\": \"/login/\", \"method\": \"POST\", \"status\": 302, \"description\": \"User visited /login/\"}','127.0.0.1','Mozilla/5.0 (Macintosh; Intel Mac OS X 10_15_7) AppleWebKit/537.36 (KHTML, like Gecko) Chrome/144.0.0.0 Safari/537.36','2026-02-16 13:20:20.786581','bd811fdcf17843deabcd542c64d33883',12),(328,'bd811fdc-f178-43de-abcd-542c64d33883','CREATE','{}','{\"path\": \"/adminPanel/dashboard/\", \"method\": \"GET\", \"status\": 200, \"description\": \"User visited /adminPanel/dashboard/\"}','127.0.0.1','Mozilla/5.0 (Macintosh; Intel Mac OS X 10_15_7) AppleWebKit/537.36 (KHTML, like Gecko) Chrome/144.0.0.0 Safari/537.36','2026-02-16 13:20:20.803174','bd811fdcf17843deabcd542c64d33883',12),(329,'bd811fdc-f178-43de-abcd-542c64d33883','CREATE','{}','{\"path\": \"/skill/skillCategories\", \"method\": \"GET\", \"status\": 200, \"description\": \"User visited /skill/skillCategories\"}','127.0.0.1','Mozilla/5.0 (Macintosh; Intel Mac OS X 10_15_7) AppleWebKit/537.36 (KHTML, like Gecko) Chrome/144.0.0.0 Safari/537.36','2026-02-16 13:20:26.969098','bd811fdcf17843deabcd542c64d33883',12),(330,'bd811fdc-f178-43de-abcd-542c64d33883','CREATE','{}','{\"path\": \"/skill/skills\", \"method\": \"GET\", \"status\": 200, \"description\": \"User visited /skill/skills\"}','127.0.0.1','Mozilla/5.0 (Macintosh; Intel Mac OS X 10_15_7) AppleWebKit/537.36 (KHTML, like Gecko) Chrome/144.0.0.0 Safari/537.36','2026-02-16 13:20:28.406899','bd811fdcf17843deabcd542c64d33883',12),(331,'bd811fdc-f178-43de-abcd-542c64d33883','CREATE','{}','{\"path\": \"/skill/userskills\", \"method\": \"GET\", \"status\": 200, \"description\": \"User visited /skill/userskills\"}','127.0.0.1','Mozilla/5.0 (Macintosh; Intel Mac OS X 10_15_7) AppleWebKit/537.36 (KHTML, like Gecko) Chrome/144.0.0.0 Safari/537.36','2026-02-16 13:20:29.210065','bd811fdcf17843deabcd542c64d33883',12),(332,'bd811fdc-f178-43de-abcd-542c64d33883','CREATE','{}','{\"path\": \"/users/\", \"method\": \"GET\", \"status\": 200, \"description\": \"User visited /users/\"}','127.0.0.1','Mozilla/5.0 (Macintosh; Intel Mac OS X 10_15_7) AppleWebKit/537.36 (KHTML, like Gecko) Chrome/144.0.0.0 Safari/537.36','2026-02-16 13:20:37.112793','bd811fdcf17843deabcd542c64d33883',12),(333,'bd811fdc-f178-43de-abcd-542c64d33883','CREATE','{}','{\"path\": \"/skill/admin/ratings/\", \"method\": \"GET\", \"status\": 200, \"description\": \"User visited /skill/admin/ratings/\"}','127.0.0.1','Mozilla/5.0 (Macintosh; Intel Mac OS X 10_15_7) AppleWebKit/537.36 (KHTML, like Gecko) Chrome/144.0.0.0 Safari/537.36','2026-02-16 13:20:55.294497','bd811fdcf17843deabcd542c64d33883',12),(334,'bd811fdc-f178-43de-abcd-542c64d33883','CREATE','{}','{\"path\": \"/skill/admin/exchanges/\", \"method\": \"GET\", \"status\": 200, \"description\": \"User visited /skill/admin/exchanges/\"}','127.0.0.1','Mozilla/5.0 (Macintosh; Intel Mac OS X 10_15_7) AppleWebKit/537.36 (KHTML, like Gecko) Chrome/144.0.0.0 Safari/537.36','2026-02-16 13:21:01.164243','bd811fdcf17843deabcd542c64d33883',12),(335,'bd811fdc-f178-43de-abcd-542c64d33883','CREATE','{}','{\"path\": \"/masterdata/countries\", \"method\": \"GET\", \"status\": 200, \"description\": \"User visited /masterdata/countries\"}','127.0.0.1','Mozilla/5.0 (Macintosh; Intel Mac OS X 10_15_7) AppleWebKit/537.36 (KHTML, like Gecko) Chrome/144.0.0.0 Safari/537.36','2026-02-16 13:21:09.057982','bd811fdcf17843deabcd542c64d33883',12),(336,'bd811fdc-f178-43de-abcd-542c64d33883','CREATE','{}','{\"path\": \"/skill/admin/exchanges/\", \"method\": \"GET\", \"status\": 200, \"description\": \"User visited /skill/admin/exchanges/\"}','127.0.0.1','Mozilla/5.0 (Macintosh; Intel Mac OS X 10_15_7) AppleWebKit/537.36 (KHTML, like Gecko) Chrome/144.0.0.0 Safari/537.36','2026-02-16 13:21:10.479750','bd811fdcf17843deabcd542c64d33883',12),(337,'bd811fdc-f178-43de-abcd-542c64d33883','CREATE','{}','{\"path\": \"/masterdata/districts\", \"method\": \"GET\", \"status\": 200, \"description\": \"User visited /masterdata/districts\"}','127.0.0.1','Mozilla/5.0 (Macintosh; Intel Mac OS X 10_15_7) AppleWebKit/537.36 (KHTML, like Gecko) Chrome/144.0.0.0 Safari/537.36','2026-02-16 13:21:13.453135','bd811fdcf17843deabcd542c64d33883',12),(338,'bd811fdc-f178-43de-abcd-542c64d33883','CREATE','{}','{\"path\": \"/masterdata/languages\", \"method\": \"GET\", \"status\": 200, \"description\": \"User visited /masterdata/languages\"}','127.0.0.1','Mozilla/5.0 (Macintosh; Intel Mac OS X 10_15_7) AppleWebKit/537.36 (KHTML, like Gecko) Chrome/144.0.0.0 Safari/537.36','2026-02-16 13:21:14.644966','bd811fdcf17843deabcd542c64d33883',12),(339,'bd811fdc-f178-43de-abcd-542c64d33883','CREATE','{}','{\"path\": \"/users/admin/logs/\", \"method\": \"GET\", \"status\": 200, \"description\": \"User visited /users/admin/logs/\"}','127.0.0.1','Mozilla/5.0 (Macintosh; Intel Mac OS X 10_15_7) AppleWebKit/537.36 (KHTML, like Gecko) Chrome/144.0.0.0 Safari/537.36','2026-02-16 13:21:15.626202','bd811fdcf17843deabcd542c64d33883',12),(340,'bd811fdc-f178-43de-abcd-542c64d33883','CREATE','{}','{\"path\": \"/users/profile/bd811fdc-f178-43de-abcd-542c64d33883/\", \"method\": \"GET\", \"status\": 200, \"description\": \"User visited /users/profile/bd811fdc-f178-43de-abcd-542c64d33883/\"}','127.0.0.1','Mozilla/5.0 (Macintosh; Intel Mac OS X 10_15_7) AppleWebKit/537.36 (KHTML, like Gecko) Chrome/144.0.0.0 Safari/537.36','2026-02-16 13:21:17.609686','bd811fdcf17843deabcd542c64d33883',12),(341,'bd811fdc-f178-43de-abcd-542c64d33883','CREATE','{}','{\"path\": \"/adminPanel/dashboard/\", \"method\": \"GET\", \"status\": 200, \"description\": \"User visited /adminPanel/dashboard/\"}','127.0.0.1','Mozilla/5.0 (Macintosh; Intel Mac OS X 10_15_7) AppleWebKit/537.36 (KHTML, like Gecko) Chrome/144.0.0.0 Safari/537.36','2026-02-16 13:21:19.344667','bd811fdcf17843deabcd542c64d33883',12),(342,'06b870d6-ec01-4407-8e59-356ce1f1e7c9','UPDATE','{}','{\"path\": \"/login/\", \"method\": \"POST\", \"status\": 302, \"description\": \"User visited /login/\"}','127.0.0.1','Mozilla/5.0 (Macintosh; Intel Mac OS X 10_15_7) AppleWebKit/537.36 (KHTML, like Gecko) Chrome/144.0.0.0 Safari/537.36','2026-02-16 13:28:50.157771','06b870d6ec0144078e59356ce1f1e7c9',12),(343,'06b870d6-ec01-4407-8e59-356ce1f1e7c9','CREATE','{}','{\"path\": \"/users/dashboard/\", \"method\": \"GET\", \"status\": 200, \"description\": \"User visited /users/dashboard/\"}','127.0.0.1','Mozilla/5.0 (Macintosh; Intel Mac OS X 10_15_7) AppleWebKit/537.36 (KHTML, like Gecko) Chrome/144.0.0.0 Safari/537.36','2026-02-16 13:28:50.169907','06b870d6ec0144078e59356ce1f1e7c9',12),(344,'06b870d6-ec01-4407-8e59-356ce1f1e7c9','CREATE','{}','{\"path\": \"/searching_skills/\", \"method\": \"GET\", \"status\": 200, \"description\": \"User visited /searching_skills/\"}','127.0.0.1','Mozilla/5.0 (Macintosh; Intel Mac OS X 10_15_7) AppleWebKit/537.36 (KHTML, like Gecko) Chrome/144.0.0.0 Safari/537.36','2026-02-16 13:28:53.976150','06b870d6ec0144078e59356ce1f1e7c9',12),(345,'06b870d6-ec01-4407-8e59-356ce1f1e7c9','CREATE','{}','{\"path\": \"/users/user_skill/\", \"method\": \"GET\", \"status\": 200, \"description\": \"User visited /users/user_skill/\"}','127.0.0.1','Mozilla/5.0 (Macintosh; Intel Mac OS X 10_15_7) AppleWebKit/537.36 (KHTML, like Gecko) Chrome/144.0.0.0 Safari/537.36','2026-02-16 13:28:55.139106','06b870d6ec0144078e59356ce1f1e7c9',12),(346,'06b870d6-ec01-4407-8e59-356ce1f1e7c9','CREATE','{}','{\"path\": \"/skill/exchanges\", \"method\": \"GET\", \"status\": 200, \"description\": \"User visited /skill/exchanges\"}','127.0.0.1','Mozilla/5.0 (Macintosh; Intel Mac OS X 10_15_7) AppleWebKit/537.36 (KHTML, like Gecko) Chrome/144.0.0.0 Safari/537.36','2026-02-16 13:28:57.424292','06b870d6ec0144078e59356ce1f1e7c9',12),(347,'06b870d6-ec01-4407-8e59-356ce1f1e7c9','CREATE','{}','{\"path\": \"/skill/swap_skill\", \"method\": \"GET\", \"status\": 200, \"description\": \"User visited /skill/swap_skill\"}','127.0.0.1','Mozilla/5.0 (Macintosh; Intel Mac OS X 10_15_7) AppleWebKit/537.36 (KHTML, like Gecko) Chrome/144.0.0.0 Safari/537.36','2026-02-16 13:28:59.039401','06b870d6ec0144078e59356ce1f1e7c9',12),(348,'06b870d6-ec01-4407-8e59-356ce1f1e7c9','CREATE','{}','{\"path\": \"/skill/skill_swap_details/\", \"method\": \"GET\", \"status\": 200, \"description\": \"User visited /skill/skill_swap_details/\"}','127.0.0.1','Mozilla/5.0 (Macintosh; Intel Mac OS X 10_15_7) AppleWebKit/537.36 (KHTML, like Gecko) Chrome/144.0.0.0 Safari/537.36','2026-02-16 13:29:00.453248','06b870d6ec0144078e59356ce1f1e7c9',12),(349,'bd811fdc-f178-43de-abcd-542c64d33883','UPDATE','{}','{\"path\": \"/login/\", \"method\": \"POST\", \"status\": 302, \"description\": \"User visited /login/\"}','127.0.0.1','Mozilla/5.0 (Macintosh; Intel Mac OS X 10_15_7) AppleWebKit/537.36 (KHTML, like Gecko) Chrome/144.0.0.0 Safari/537.36','2026-02-16 13:31:08.557048','bd811fdcf17843deabcd542c64d33883',12),(350,'bd811fdc-f178-43de-abcd-542c64d33883','CREATE','{}','{\"path\": \"/adminPanel/dashboard/\", \"method\": \"GET\", \"status\": 200, \"description\": \"User visited /adminPanel/dashboard/\"}','127.0.0.1','Mozilla/5.0 (Macintosh; Intel Mac OS X 10_15_7) AppleWebKit/537.36 (KHTML, like Gecko) Chrome/144.0.0.0 Safari/537.36','2026-02-16 13:31:08.570318','bd811fdcf17843deabcd542c64d33883',12),(351,'bd811fdc-f178-43de-abcd-542c64d33883','CREATE','{}','{\"path\": \"/skill/skillCategories\", \"method\": \"GET\", \"status\": 200, \"description\": \"User visited /skill/skillCategories\"}','127.0.0.1','Mozilla/5.0 (Macintosh; Intel Mac OS X 10_15_7) AppleWebKit/537.36 (KHTML, like Gecko) Chrome/144.0.0.0 Safari/537.36','2026-02-16 13:31:26.308033','bd811fdcf17843deabcd542c64d33883',12),(352,'bd811fdc-f178-43de-abcd-542c64d33883','CREATE','{}','{\"path\": \"/skill/userskills\", \"method\": \"GET\", \"status\": 200, \"description\": \"User visited /skill/userskills\"}','127.0.0.1','Mozilla/5.0 (Macintosh; Intel Mac OS X 10_15_7) AppleWebKit/537.36 (KHTML, like Gecko) Chrome/144.0.0.0 Safari/537.36','2026-02-16 13:31:29.602574','bd811fdcf17843deabcd542c64d33883',12),(353,'bd811fdc-f178-43de-abcd-542c64d33883','CREATE','{}','{\"path\": \"/skill/skillCategories\", \"method\": \"GET\", \"status\": 200, \"description\": \"User visited /skill/skillCategories\"}','127.0.0.1','Mozilla/5.0 (Macintosh; Intel Mac OS X 10_15_7) AppleWebKit/537.36 (KHTML, like Gecko) Chrome/144.0.0.0 Safari/537.36','2026-02-16 13:31:30.797559','bd811fdcf17843deabcd542c64d33883',12),(354,'dee64888-0bee-4b48-a369-3c5ff8647ec2','UPDATE','{}','{\"path\": \"/login/\", \"method\": \"POST\", \"status\": 302, \"description\": \"User visited /login/\"}','127.0.0.1','Mozilla/5.0 (Macintosh; Intel Mac OS X 10_15_7) AppleWebKit/537.36 (KHTML, like Gecko) Chrome/144.0.0.0 Safari/537.36','2026-02-16 13:34:16.529848','dee648880bee4b48a3693c5ff8647ec2',12),(355,'dee64888-0bee-4b48-a369-3c5ff8647ec2','CREATE','{}','{\"path\": \"/users/dashboard/\", \"method\": \"GET\", \"status\": 200, \"description\": \"User visited /users/dashboard/\"}','127.0.0.1','Mozilla/5.0 (Macintosh; Intel Mac OS X 10_15_7) AppleWebKit/537.36 (KHTML, like Gecko) Chrome/144.0.0.0 Safari/537.36','2026-02-16 13:34:16.541426','dee648880bee4b48a3693c5ff8647ec2',12),(356,'dee64888-0bee-4b48-a369-3c5ff8647ec2','CREATE','{}','{\"path\": \"/media/profiles/Muddaser-Salihe_1pqEgSg.jpg\", \"method\": \"GET\", \"status\": 200, \"description\": \"User visited /media/profiles/Muddaser-Salihe_1pqEgSg.jpg\"}','127.0.0.1','Mozilla/5.0 (Macintosh; Intel Mac OS X 10_15_7) AppleWebKit/537.36 (KHTML, like Gecko) Chrome/144.0.0.0 Safari/537.36','2026-02-16 13:34:16.563729','dee648880bee4b48a3693c5ff8647ec2',12),(357,'dee64888-0bee-4b48-a369-3c5ff8647ec2','CREATE','{}','{\"path\": \"/searching_skills/\", \"method\": \"GET\", \"status\": 200, \"description\": \"User visited /searching_skills/\"}','127.0.0.1','Mozilla/5.0 (Macintosh; Intel Mac OS X 10_15_7) AppleWebKit/537.36 (KHTML, like Gecko) Chrome/144.0.0.0 Safari/537.36','2026-02-16 13:34:22.160157','dee648880bee4b48a3693c5ff8647ec2',12),(358,'dee64888-0bee-4b48-a369-3c5ff8647ec2','CREATE','{}','{\"path\": \"/users/user_skill/\", \"method\": \"GET\", \"status\": 200, \"description\": \"User visited /users/user_skill/\"}','127.0.0.1','Mozilla/5.0 (Macintosh; Intel Mac OS X 10_15_7) AppleWebKit/537.36 (KHTML, like Gecko) Chrome/144.0.0.0 Safari/537.36','2026-02-16 13:34:23.325105','dee648880bee4b48a3693c5ff8647ec2',12),(359,'dee64888-0bee-4b48-a369-3c5ff8647ec2','CREATE','{}','{\"path\": \"/users/load_skills\", \"method\": \"GET\", \"status\": 200, \"description\": \"User visited /users/load_skills\"}','127.0.0.1','Mozilla/5.0 (Macintosh; Intel Mac OS X 10_15_7) AppleWebKit/537.36 (KHTML, like Gecko) Chrome/144.0.0.0 Safari/537.36','2026-02-16 13:34:34.497205','dee648880bee4b48a3693c5ff8647ec2',12),(360,'dee64888-0bee-4b48-a369-3c5ff8647ec2','UPDATE','{}','{\"path\": \"/users/user_skill_create\", \"method\": \"POST\", \"status\": 302, \"description\": \"User visited /users/user_skill_create\"}','127.0.0.1','Mozilla/5.0 (Macintosh; Intel Mac OS X 10_15_7) AppleWebKit/537.36 (KHTML, like Gecko) Chrome/144.0.0.0 Safari/537.36','2026-02-16 13:34:41.875703','dee648880bee4b48a3693c5ff8647ec2',12),(361,'dee64888-0bee-4b48-a369-3c5ff8647ec2','CREATE','{}','{\"path\": \"/users/user_skill/\", \"method\": \"GET\", \"status\": 200, \"description\": \"User visited /users/user_skill/\"}','127.0.0.1','Mozilla/5.0 (Macintosh; Intel Mac OS X 10_15_7) AppleWebKit/537.36 (KHTML, like Gecko) Chrome/144.0.0.0 Safari/537.36','2026-02-16 13:34:41.951709','dee648880bee4b48a3693c5ff8647ec2',12),(362,'dee64888-0bee-4b48-a369-3c5ff8647ec2','CREATE','{}','{\"path\": \"/skill/exchanges\", \"method\": \"GET\", \"status\": 200, \"description\": \"User visited /skill/exchanges\"}','127.0.0.1','Mozilla/5.0 (Macintosh; Intel Mac OS X 10_15_7) AppleWebKit/537.36 (KHTML, like Gecko) Chrome/144.0.0.0 Safari/537.36','2026-02-16 13:34:43.459237','dee648880bee4b48a3693c5ff8647ec2',12),(363,'dee64888-0bee-4b48-a369-3c5ff8647ec2','CREATE','{}','{\"path\": \"/skill/swap_skill\", \"method\": \"GET\", \"status\": 200, \"description\": \"User visited /skill/swap_skill\"}','127.0.0.1','Mozilla/5.0 (Macintosh; Intel Mac OS X 10_15_7) AppleWebKit/537.36 (KHTML, like Gecko) Chrome/144.0.0.0 Safari/537.36','2026-02-16 13:34:44.547261','dee648880bee4b48a3693c5ff8647ec2',12),(364,'dee64888-0bee-4b48-a369-3c5ff8647ec2','CREATE','{}','{\"path\": \"/skill/swap_skill\", \"method\": \"GET\", \"status\": 200, \"description\": \"User visited /skill/swap_skill\"}','127.0.0.1','Mozilla/5.0 (Macintosh; Intel Mac OS X 10_15_7) AppleWebKit/537.36 (KHTML, like Gecko) Chrome/144.0.0.0 Safari/537.36','2026-02-16 13:34:48.866378','dee648880bee4b48a3693c5ff8647ec2',12),(365,'dee64888-0bee-4b48-a369-3c5ff8647ec2','CREATE','{}','{\"path\": \"/skill/swap_skill\", \"method\": \"GET\", \"status\": 200, \"description\": \"User visited /skill/swap_skill\"}','127.0.0.1','Mozilla/5.0 (Macintosh; Intel Mac OS X 10_15_7) AppleWebKit/537.36 (KHTML, like Gecko) Chrome/144.0.0.0 Safari/537.36','2026-02-16 13:34:58.996068','dee648880bee4b48a3693c5ff8647ec2',12),(366,'dee64888-0bee-4b48-a369-3c5ff8647ec2','CREATE','{}','{\"path\": \"/users/user_skill/\", \"method\": \"GET\", \"status\": 200, \"description\": \"User visited /users/user_skill/\"}','127.0.0.1','Mozilla/5.0 (Macintosh; Intel Mac OS X 10_15_7) AppleWebKit/537.36 (KHTML, like Gecko) Chrome/144.0.0.0 Safari/537.36','2026-02-16 13:35:15.242218','dee648880bee4b48a3693c5ff8647ec2',12),(367,'dee64888-0bee-4b48-a369-3c5ff8647ec2','CREATE','{}','{\"path\": \"/skill/exchanges\", \"method\": \"GET\", \"status\": 200, \"description\": \"User visited /skill/exchanges\"}','127.0.0.1','Mozilla/5.0 (Macintosh; Intel Mac OS X 10_15_7) AppleWebKit/537.36 (KHTML, like Gecko) Chrome/144.0.0.0 Safari/537.36','2026-02-16 13:35:16.566964','dee648880bee4b48a3693c5ff8647ec2',12),(368,'dee64888-0bee-4b48-a369-3c5ff8647ec2','UPDATE','{}','{\"path\": \"/skill/exchanges/create_exchange_request/\", \"method\": \"POST\", \"status\": 302, \"description\": \"User visited /skill/exchanges/create_exchange_request/\"}','127.0.0.1','Mozilla/5.0 (Macintosh; Intel Mac OS X 10_15_7) AppleWebKit/537.36 (KHTML, like Gecko) Chrome/144.0.0.0 Safari/537.36','2026-02-16 13:36:08.388984','dee648880bee4b48a3693c5ff8647ec2',12),(369,'dee64888-0bee-4b48-a369-3c5ff8647ec2','CREATE','{}','{\"path\": \"/skill/exchanges\", \"method\": \"GET\", \"status\": 200, \"description\": \"User visited /skill/exchanges\"}','127.0.0.1','Mozilla/5.0 (Macintosh; Intel Mac OS X 10_15_7) AppleWebKit/537.36 (KHTML, like Gecko) Chrome/144.0.0.0 Safari/537.36','2026-02-16 13:36:08.458207','dee648880bee4b48a3693c5ff8647ec2',12),(370,'bd811fdc-f178-43de-abcd-542c64d33883','UPDATE','{}','{\"path\": \"/login/\", \"method\": \"POST\", \"status\": 302, \"description\": \"User visited /login/\"}','127.0.0.1','Mozilla/5.0 (Macintosh; Intel Mac OS X 10_15_7) AppleWebKit/537.36 (KHTML, like Gecko) Chrome/144.0.0.0 Safari/537.36','2026-02-16 13:52:48.798296','bd811fdcf17843deabcd542c64d33883',12),(371,'bd811fdc-f178-43de-abcd-542c64d33883','CREATE','{}','{\"path\": \"/adminPanel/dashboard/\", \"method\": \"GET\", \"status\": 200, \"description\": \"User visited /adminPanel/dashboard/\"}','127.0.0.1','Mozilla/5.0 (Macintosh; Intel Mac OS X 10_15_7) AppleWebKit/537.36 (KHTML, like Gecko) Chrome/144.0.0.0 Safari/537.36','2026-02-16 13:52:48.818728','bd811fdcf17843deabcd542c64d33883',12),(372,'bd811fdc-f178-43de-abcd-542c64d33883','CREATE','{}','{\"path\": \"/users/profile/bd811fdc-f178-43de-abcd-542c64d33883/\", \"method\": \"GET\", \"status\": 200, \"description\": \"User visited /users/profile/bd811fdc-f178-43de-abcd-542c64d33883/\"}','127.0.0.1','Mozilla/5.0 (Macintosh; Intel Mac OS X 10_15_7) AppleWebKit/537.36 (KHTML, like Gecko) Chrome/144.0.0.0 Safari/537.36','2026-02-16 13:52:51.191510','bd811fdcf17843deabcd542c64d33883',12),(373,'bd811fdc-f178-43de-abcd-542c64d33883','CREATE','{}','{\"path\": \"/users/load_cities\", \"method\": \"GET\", \"status\": 200, \"description\": \"User visited /users/load_cities\"}','127.0.0.1','Mozilla/5.0 (Macintosh; Intel Mac OS X 10_15_7) AppleWebKit/537.36 (KHTML, like Gecko) Chrome/144.0.0.0 Safari/537.36','2026-02-16 13:53:36.425318','bd811fdcf17843deabcd542c64d33883',12),(374,'bd811fdc-f178-43de-abcd-542c64d33883','CREATE','{}','{\"path\": \"/users/load_districts\", \"method\": \"GET\", \"status\": 200, \"description\": \"User visited /users/load_districts\"}','127.0.0.1','Mozilla/5.0 (Macintosh; Intel Mac OS X 10_15_7) AppleWebKit/537.36 (KHTML, like Gecko) Chrome/144.0.0.0 Safari/537.36','2026-02-16 13:53:40.110468','bd811fdcf17843deabcd542c64d33883',12),(375,'bd811fdc-f178-43de-abcd-542c64d33883','UPDATE','{}','{\"path\": \"/users/update_user_profile/bd811fdc-f178-43de-abcd-542c64d33883/\", \"method\": \"POST\", \"status\": 302, \"description\": \"User visited /users/update_user_profile/bd811fdc-f178-43de-abcd-542c64d33883/\"}','127.0.0.1','Mozilla/5.0 (Macintosh; Intel Mac OS X 10_15_7) AppleWebKit/537.36 (KHTML, like Gecko) Chrome/144.0.0.0 Safari/537.36','2026-02-16 13:54:03.056099','bd811fdcf17843deabcd542c64d33883',12),(376,'bd811fdc-f178-43de-abcd-542c64d33883','UPDATE','{}','{\"path\": \"/login/\", \"method\": \"POST\", \"status\": 302, \"description\": \"User visited /login/\"}','127.0.0.1','Mozilla/5.0 (Macintosh; Intel Mac OS X 10_15_7) AppleWebKit/537.36 (KHTML, like Gecko) Chrome/144.0.0.0 Safari/537.36','2026-02-16 13:54:10.823329','bd811fdcf17843deabcd542c64d33883',12),(377,'bd811fdc-f178-43de-abcd-542c64d33883','CREATE','{}','{\"path\": \"/adminPanel/dashboard/\", \"method\": \"GET\", \"status\": 200, \"description\": \"User visited /adminPanel/dashboard/\"}','127.0.0.1','Mozilla/5.0 (Macintosh; Intel Mac OS X 10_15_7) AppleWebKit/537.36 (KHTML, like Gecko) Chrome/144.0.0.0 Safari/537.36','2026-02-16 13:54:10.835949','bd811fdcf17843deabcd542c64d33883',12);
/*!40000 ALTER TABLE `system_logs` ENABLE KEYS */;
UNLOCK TABLES;

--
-- Table structure for table `user_block_lists`
--

DROP TABLE IF EXISTS `user_block_lists`;
/*!40101 SET @saved_cs_client     = @@character_set_client */;
/*!50503 SET character_set_client = utf8mb4 */;
CREATE TABLE `user_block_lists` (
  `id` bigint NOT NULL AUTO_INCREMENT,
  `reason` longtext,
  `created_at` datetime(6) NOT NULL,
  `blocked_user_id` char(32) NOT NULL,
  `blocker_id` char(32) NOT NULL,
  PRIMARY KEY (`id`),
  UNIQUE KEY `user_block_lists_blocker_id_blocked_user_id_9fe6e7b4_uniq` (`blocker_id`,`blocked_user_id`),
  KEY `user_block_lists_blocked_user_id_f3cb86ba_fk_users_id` (`blocked_user_id`),
  CONSTRAINT `user_block_lists_blocked_user_id_f3cb86ba_fk_users_id` FOREIGN KEY (`blocked_user_id`) REFERENCES `users` (`id`),
  CONSTRAINT `user_block_lists_blocker_id_cc5af730_fk_users_id` FOREIGN KEY (`blocker_id`) REFERENCES `users` (`id`)
) ENGINE=InnoDB DEFAULT CHARSET=utf8mb4 COLLATE=utf8mb4_0900_ai_ci;
/*!40101 SET character_set_client = @saved_cs_client */;

--
-- Dumping data for table `user_block_lists`
--

LOCK TABLES `user_block_lists` WRITE;
/*!40000 ALTER TABLE `user_block_lists` DISABLE KEYS */;
/*!40000 ALTER TABLE `user_block_lists` ENABLE KEYS */;
UNLOCK TABLES;

--
-- Table structure for table `user_skills`
--

DROP TABLE IF EXISTS `user_skills`;
/*!40101 SET @saved_cs_client     = @@character_set_client */;
/*!50503 SET character_set_client = utf8mb4 */;
CREATE TABLE `user_skills` (
  `id` bigint NOT NULL AUTO_INCREMENT,
  `proficiency_level` int NOT NULL,
  `working_status` tinyint(1) NOT NULL,
  `skill_id_id` bigint NOT NULL,
  `user_id_id` char(32) NOT NULL,
  PRIMARY KEY (`id`),
  UNIQUE KEY `user_skills_user_id_id_skill_id_id_1e0326d3_uniq` (`user_id_id`,`skill_id_id`),
  KEY `user_skills_skill_id_id_418e7f66_fk_skills_id` (`skill_id_id`),
  CONSTRAINT `user_skills_skill_id_id_418e7f66_fk_skills_id` FOREIGN KEY (`skill_id_id`) REFERENCES `skills` (`id`),
  CONSTRAINT `user_skills_user_id_id_8f68c6fd_fk_users_id` FOREIGN KEY (`user_id_id`) REFERENCES `users` (`id`)
) ENGINE=InnoDB AUTO_INCREMENT=34 DEFAULT CHARSET=utf8mb4 COLLATE=utf8mb4_0900_ai_ci;
/*!40101 SET character_set_client = @saved_cs_client */;

--
-- Dumping data for table `user_skills`
--

LOCK TABLES `user_skills` WRITE;
/*!40000 ALTER TABLE `user_skills` DISABLE KEYS */;
INSERT INTO `user_skills` VALUES (1,4,1,12,'db00b8ffa4e34005a62abf2f1fbe26a5'),(2,4,1,4,'dee648880bee4b48a3693c5ff8647ec2'),(3,1,1,79,'611fb647d62d44d4a69ebcedd717eedc'),(4,2,1,22,'69c8a0b85f814238b302873f595a29b5'),(5,2,1,79,'2d137a5a818c4273a8aa096935ea6a13'),(6,1,1,48,'eb9def8e0a32449d8f49241ac3b79da9'),(7,4,1,52,'c253f5944b514f529c380e36bfca33f1'),(8,1,1,85,'db720654c06748f1951aa929ae22b33f'),(9,3,1,32,'14e608101a3c43c9a26905ce0c7e5012'),(10,2,1,31,'076ad6f644504979bfe8794217967cb1'),(11,2,1,74,'ec0f44cf181147a1b4f7fe4577d57932'),(12,1,1,63,'c72e033cca9245968845ad3ffadd5c8b'),(13,5,1,90,'8a65b73522684317861cb74761e4aa9d'),(14,5,1,59,'f925d9d9b4ae40308f838552f5bffdb0'),(15,4,1,71,'b90dac0c74974d1c95c615fbcc9f412e'),(16,2,1,16,'8a34b23b08614b71ab4dc7ca25e8455a'),(17,4,1,79,'b1267b83510e405cb77c45e565726e18'),(18,1,1,42,'9d905e9e32e049748db69a906658c963'),(19,5,1,39,'52ccb36f50814918a9e21694f1c55fc3'),(20,5,1,14,'a0f97b57ff11462c9b627ab0b1593c0f'),(21,1,1,74,'d292d54d0ea8489fada27da3e9bfec8a'),(22,4,1,70,'4bc0c1e565dc4ad1a12b5686fd377b4f'),(23,2,1,91,'af9d2149696248699f38891ff1a65392'),(24,1,1,1,'c52da043854349a785dc2c86453fb028'),(25,3,1,52,'a1a52e57686c4f5989fc5d33ef2472e7'),(26,4,1,80,'d7ba4fad98974154b051dac86e29881c'),(27,5,1,55,'ca9869808d904bda9632ff3a353f3876'),(28,3,1,42,'11dceda831d841e3ad5b07880a39490f'),(29,1,1,75,'06b870d6ec0144078e59356ce1f1e7c9'),(30,5,1,77,'3e85749d2c934d51b09668fd405a47a3'),(31,4,1,31,'f57403866b9f4221bf17f43e360d50c7'),(32,5,1,57,'be50d67c483142c8b79bf73f175cf793'),(33,5,1,5,'dee648880bee4b48a3693c5ff8647ec2');
/*!40000 ALTER TABLE `user_skills` ENABLE KEYS */;
UNLOCK TABLES;

--
-- Table structure for table `users`
--

DROP TABLE IF EXISTS `users`;
/*!40101 SET @saved_cs_client     = @@character_set_client */;
/*!50503 SET character_set_client = utf8mb4 */;
CREATE TABLE `users` (
  `password` varchar(128) NOT NULL,
  `last_login` datetime(6) DEFAULT NULL,
  `is_superuser` tinyint(1) NOT NULL,
  `username` varchar(150) NOT NULL,
  `first_name` varchar(150) NOT NULL,
  `last_name` varchar(150) NOT NULL,
  `email` varchar(254) NOT NULL,
  `is_staff` tinyint(1) NOT NULL,
  `is_active` tinyint(1) NOT NULL,
  `date_joined` datetime(6) NOT NULL,
  `id` char(32) NOT NULL,
  `phone` varchar(20) DEFAULT NULL,
  `date_of_birth` date DEFAULT NULL,
  `profile_image_url` varchar(100) DEFAULT NULL,
  `bio` longtext,
  `notifications_via` varchar(100) DEFAULT NULL,
  `is_verified` tinyint(1) NOT NULL,
  `gender` varchar(10) DEFAULT NULL,
  `created_at` datetime(6) NOT NULL,
  `updated_at` datetime(6) NOT NULL,
  `address_id_id` bigint DEFAULT NULL,
  `preferred_language_id` bigint DEFAULT NULL,
  PRIMARY KEY (`id`),
  UNIQUE KEY `username` (`username`),
  UNIQUE KEY `phone` (`phone`),
  KEY `users_address_id_id_57e9ee01_fk_addresses_id` (`address_id_id`),
  KEY `users_preferred_language_id_ab48061e_fk_languages_id` (`preferred_language_id`),
  CONSTRAINT `users_address_id_id_57e9ee01_fk_addresses_id` FOREIGN KEY (`address_id_id`) REFERENCES `addresses` (`id`),
  CONSTRAINT `users_preferred_language_id_ab48061e_fk_languages_id` FOREIGN KEY (`preferred_language_id`) REFERENCES `languages` (`id`)
) ENGINE=InnoDB DEFAULT CHARSET=utf8mb4 COLLATE=utf8mb4_0900_ai_ci;
/*!40101 SET character_set_client = @saved_cs_client */;

--
-- Dumping data for table `users`
--

LOCK TABLES `users` WRITE;
/*!40000 ALTER TABLE `users` DISABLE KEYS */;
INSERT INTO `users` VALUES ('pbkdf2_sha256$1000000$Q9CTtETfl81zWOC48cx4xv$n8Ea3o5E75cH+HKbjTnMDGfIbE7/y3QCqLGEHNo5qGU=','2026-02-16 13:28:50.156150',0,'vogtdiethelm_5742','Angelika','Beier','eugenia07@example.com',0,1,'2026-02-16 13:18:13.577464','06b870d6ec0144078e59356ce1f1e7c9',NULL,NULL,'','Rechnen braun nächste müde. Unten Stelle Bein wir springen. Bauen nicht nächste Papa.\nLange helfen seit Spaß Luft. Mädchen Loch Kind. Haben Sache Freund Katze arbeiten Leben ließ.',NULL,0,NULL,'2026-02-16 13:18:13.674907','2026-02-16 13:18:13.674909',34,NULL),('pbkdf2_sha256$1000000$v9LWccSjt3a6s33RePEoxt$8GfoBZA0H2TzkIdtSNb8hAWiWoxBD/bbT4dkQ1h/QNc=',NULL,0,'toralfgutknecht_9355','Imelda','Kruschwitz','jeanettebohnbach@example.org',0,1,'2026-02-16 13:18:11.683530','076ad6f644504979bfe8794217967cb1',NULL,NULL,'','Werden Zahl doch hoch. Berg können Boden sicher.\nDauern brauchen krank schaffen unser Haus schauen. Teller wie Freude nun vorbei lange.',NULL,0,NULL,'2026-02-16 13:18:11.778769','2026-02-16 13:18:11.778772',15,NULL),('pbkdf2_sha256$1000000$K8YzDoBMDOE37hflpxKNa2$gdZs+/xkV9MsAbRLfHa8k1bxW6wCmdiAt0Xgr6S1llg=',NULL,0,'lkraus_4988','Ekrem','Kraushaar','kriemhildroehrdanz@example.org',0,1,'2026-02-16 13:18:13.478006','11dceda831d841e3ad5b07880a39490f',NULL,NULL,'','Rund nennen weit unten nass darin. Danach davon Tante aus. Haben Freund davon tief bin.\nWollen Herz wissen. Langsam schlecht singen von Boden. Weiter nah tun Abend selbst fünf.',NULL,0,NULL,'2026-02-16 13:18:13.572916','2026-02-16 13:18:13.572919',33,NULL),('pbkdf2_sha256$1000000$2oZFNXg7bdAZsEBlWhdhUY$TS+U/enpk0A8W0gNOEmJk3UJ08efmK69KZYXYndf4JQ=',NULL,0,'dippelria_2836','Ida','Anders','ihenk@example.org',0,1,'2026-02-16 13:18:11.584540','14e608101a3c43c9a26905ce0c7e5012',NULL,NULL,'','Glauben bis fressen Arbeit Stein Weihnachten fast. Ein schwer damit jeder.\nFragen sicher Hilfe Oma. Sehr ab auch Milch packen der müssen. Rot laufen merken Rad.',NULL,0,NULL,'2026-02-16 13:18:11.679715','2026-02-16 13:18:11.679717',14,NULL),('pbkdf2_sha256$1000000$btqUowSjinzzI4gymdtUZ5$AiX6fz65qZwsptv3XrvSCVX5ZTAdgTeqO2nufz0Ddog=',NULL,0,'mschleich_2710','Mareen','Bohnbach','michaele21@example.org',0,1,'2026-02-16 13:18:11.190189','2d137a5a818c4273a8aa096935ea6a13',NULL,NULL,'','Ob Wagen ist und. Gesund auf Hund Auto. Nennen schwer fehlen Stunde.',NULL,0,NULL,'2026-02-16 13:18:11.285042','2026-02-16 13:18:11.285044',10,NULL),('pbkdf2_sha256$1000000$7EoXvHbtuTPjxk61rXEsEu$sI+4ZtiLa8ZxXo2n4tCAPLEsQNGozoHA7wR3ouhoSTw=',NULL,0,'geiselsigmund_9446','Franz','Döring','hhaase@example.net',0,1,'2026-02-16 13:18:13.678588','3e85749d2c934d51b09668fd405a47a3',NULL,NULL,'','Daran rund genau Weihnachten richtig lieb Eltern. An erklären Fußball Wiese sein groß. Mich heute rechnen tragen fliegen.',NULL,0,NULL,'2026-02-16 13:18:13.776040','2026-02-16 13:18:13.776043',35,NULL),('pbkdf2_sha256$1000000$9YEVfaxd0roB0gGDq8oJus$zsmhlmtqb3swBwpPuyEirsw+WVoH2PEeiZJ0lZardFc=','2026-02-16 11:56:08.308510',0,'ex','example','pp','ex@gmail.com',1,1,'2026-02-16 11:45:07.340046','434684a0f263438980d67464f2aed748','23423423',NULL,'','Nonedsfafa','email',0,'female','2026-02-16 11:45:07.487786','2026-02-16 11:56:00.231076',3,2),('pbkdf2_sha256$1000000$rh4F816VgkeBkGEJxjzAfo$TecjODnsjho4GUyopQB/01aiQ3gU4tqMWWazaMmR/Tk=',NULL,0,'patrick28_4845','Anna-Maria','Jäntsch','wilhelm55@example.org',0,1,'2026-02-16 13:18:12.879137','4bc0c1e565dc4ad1a12b5686fd377b4f',NULL,NULL,'','Offen Hund Eltern nah. Zurück so nass heißen schon. Sonntag Geschenk gehören Monat dumm dir drehen.\nWiese zum acht möglich möglich Freude. Fragen besser genau verkaufen seit fressen Wasser.',NULL,0,NULL,'2026-02-16 13:18:12.974686','2026-02-16 13:18:12.974688',27,NULL),('pbkdf2_sha256$1000000$QZ6nYOj4xc8zsfIoWulZY1$YwJoEhqC1/q3OqKzOLiHgMJqf2eiVK6Y/D0jvPQnhkM=',NULL,0,'joanna84_9493','Karl','Killer','heinz-georgsteinberg@example.net',0,1,'2026-02-16 13:18:12.581384','52ccb36f50814918a9e21694f1c55fc3',NULL,NULL,'','Kochen Straße kalt Gesicht. Vielleicht Spiel erschrecken Bett also dafür.\nTisch kann weil Mensch Abend ohne rufen.',NULL,0,NULL,'2026-02-16 13:18:12.678729','2026-02-16 13:18:12.678732',24,NULL),('pbkdf2_sha256$1000000$dxVX8Kog2L4UwOlIGBRZ70$sshvdjJeusmvqRCyhng/FadsNc+xIBkx2hgp9oGbefw=',NULL,0,'ybaerer_8131','Edeltraud','Herrmann','maximheser@example.org',0,1,'2026-02-16 13:12:47.205274','5453d21151804a9da49a93b9e2135809',NULL,NULL,'','See einfach kennen schreiben früh. Opa gerade waschen rechnen. Andere ging dick sollen merken gehören.\nEinfach rot ist wahr Herr Winter Bauer. Fisch Vater dabei lassen. Laufen Schuh stark.',NULL,0,NULL,'2026-02-16 13:12:47.298493','2026-02-16 13:12:47.298497',5,NULL),('pbkdf2_sha256$1000000$ZbrJJg3NWgUfVApHhjFnSr$G7OvJN+ihQeDQP83zPF0ESfEvbxWASPFb4WkkB61eq8=',NULL,0,'gherrmann_4171','Ulrich','Wieloch','beate22@example.org',0,1,'2026-02-16 13:18:10.991595','611fb647d62d44d4a69ebcedd717eedc',NULL,NULL,'','Viel Auge Gott Stadt. Anfangen mich Beispiel müde Bruder. Eigentlich wenn Auto in fast Essen.',NULL,0,NULL,'2026-02-16 13:18:11.084238','2026-02-16 13:18:11.084242',8,NULL),('pbkdf2_sha256$1000000$sU4KPnQTA0sApxz9pquCJ3$zlbkUnx5QX+JlM4V0zh58EQ12dnubDqDMoMGd/CMK7g=',NULL,0,'amir65_7228','Heidrun','Weinhold','fflantz@example.net',0,1,'2026-02-16 13:18:11.092506','69c8a0b85f814238b302873f595a29b5',NULL,NULL,'','Fangen schauen Haare. Baden Mädchen Brot wenn. Schüler kann Wort neun. Gelb zurück Mama noch wünschen.',NULL,0,NULL,'2026-02-16 13:18:11.185969','2026-02-16 13:18:11.185972',9,NULL),('pbkdf2_sha256$1000000$tLDbjIXpKeFM8UsyltDm7c$TNkWwwuZqjekV59b2zZVfEQLmn8Imndg/ldKDLrVKes=',NULL,0,'aleksej55_1338','Rüdiger','Gute','fechnerwolf-dietrich@example.com',0,1,'2026-02-16 13:18:12.279315','8a34b23b08614b71ab4dc7ca25e8455a',NULL,NULL,'','Jung traurig plötzlich Herz springen Flasche Sohn. Warm an Zeitung dunkel Tag.',NULL,0,NULL,'2026-02-16 13:18:12.376763','2026-02-16 13:18:12.376765',21,NULL),('pbkdf2_sha256$1000000$P8oYBar7FrBv3jCjVqjmcq$QozT4wuehafPvIcl9vz86v/gwcUXD+b64JeIqkZZ3po=',NULL,0,'nikolaibinner_5361','Theresia','Wagenknecht','doreenriehl@example.com',0,1,'2026-02-16 13:18:11.979858','8a65b73522684317861cb74761e4aa9d',NULL,NULL,'','Dabei bringen denken. Ganz werfen helfen stehen.\nKam Winter Baum lustig. Was dabei frei vom dürfen Affe früh.\nTrinken fährt schnell Zimmer. In man Welt dem spät fressen Sommer. Drei unten mal Tag.',NULL,0,NULL,'2026-02-16 13:18:12.073867','2026-02-16 13:18:12.073870',18,NULL),('pbkdf2_sha256$1000000$4UQkrhtbFgdY7hJkZByrvg$b7d4lOF0mz7F2UHa2Ghk1ghdA4Y0eMHifpoZjJd6vjs=','2026-02-16 12:33:37.478041',0,'ex2','ex','exxx','ex2@gmail.coom',1,1,'2026-02-16 12:33:37.328012','8f0198b562394c2aab43b1997937eb71','33333333',NULL,'','Noneasd','email',0,'','2026-02-16 12:33:37.473798','2026-02-16 12:34:45.255108',4,1),('pbkdf2_sha256$1000000$RUHz93JV83hJ5GikiYPTgY$DyHH7b7+xLzu53pNpGigWKaZwm/YP3hXJzdmJRVrOqo=',NULL,0,'liadrubin_4108','Meryem','Franke','osontag@example.net',0,1,'2026-02-16 13:18:12.481791','9d905e9e32e049748db69a906658c963',NULL,NULL,'','Winter drehen steigen. Fisch warum gibt Tag. Kopf jeder erst braun Dorf. Auto hoch Weg weiß Pferd.\nMaus danach gefährlich fiel vergessen stellen braun Leute. Auch schlimm stark gegen ab.',NULL,0,NULL,'2026-02-16 13:18:12.577684','2026-02-16 13:18:12.577688',23,NULL),('pbkdf2_sha256$1000000$W03HPeg6U6BOOHmEX2drNG$z9owxy/QC+QxeJyBy7iy9kF/Wjxh8/oQM2g8t/bgweU=',NULL,0,'ukuhl_7389','Karsten','Junitz','rolf-dieterkarge@example.net',0,1,'2026-02-16 13:18:12.681730','a0f97b57ff11462c9b627ab0b1593c0f',NULL,NULL,'','Von nach Kopf selbst mich. Fußball sitzen heißen leben ja erschrecken Vater. Langsam vielleicht hinein wenig doch richtig Ding.',NULL,0,NULL,'2026-02-16 13:18:12.775104','2026-02-16 13:18:12.775106',25,NULL),('pbkdf2_sha256$1000000$J58lnZUC9H3xZZ1pBymgEo$mzdtvbQCNEItgjhmg0PlNlRxflZHRZOTU7GT9S4LFJU=',NULL,0,'ukrein_3511','Sibylla','Lübs','cschaaf@example.net',0,1,'2026-02-16 13:18:13.178038','a1a52e57686c4f5989fc5d33ef2472e7',NULL,NULL,'','Die dürfen gewinnen Dorf überall. Gesund warm haben gesund Sommer gibt. Jahr helfen wünschen fertig Wagen.\nSchauen gegen Tier leicht gar nicht. Finger uns weiß Wohnung.',NULL,0,NULL,'2026-02-16 13:18:13.273815','2026-02-16 13:18:13.273818',30,NULL),('pbkdf2_sha256$1000000$DAIENqkcugVaJj4JBCNY7N$3iHbwGSnu3Xer1zSEK75zZ8H3bByGXaOJSnRrzRp1yw=',NULL,0,'grein-grothwilfried_5944','Kathi','Nerger','bruno65@example.com',0,1,'2026-02-16 13:18:12.978287','af9d2149696248699f38891ff1a65392',NULL,NULL,'','Abend tot gewinnen eigentlich viel deshalb Fußball. Sonst gestern Hilfe zehn sagen öffnen Schiff Flasche.\nSpiel kann genau Zeit Minute Woche. Sieben reich wollen weit beißen zwischen.',NULL,0,NULL,'2026-02-16 13:18:13.074263','2026-02-16 13:18:13.074266',28,NULL),('pbkdf2_sha256$1000000$MaTEkllkUNf5ezkgjsHzFk$3Zpoi+UPDUvHuxKKL4f4IuS8auJmiJoiHR2BiVTK0wY=',NULL,0,'ottmar97_7625','Patric','Wesack','jrose@example.com',0,1,'2026-02-16 13:18:12.380328','b1267b83510e405cb77c45e565726e18',NULL,NULL,'','Weit Uhr waschen Bein beide. Schuh Katze Wagen. Gehören rund sich tot dürfen.',NULL,0,NULL,'2026-02-16 13:18:12.478068','2026-02-16 13:18:12.478071',22,NULL),('pbkdf2_sha256$1000000$iVAitcEzehOU2HA91Xx92O$E9Wz+e+cw8p5LMQuSxbCMH2QZLHYH1LOxw3A2DSO4oQ=',NULL,0,'janette58_1253','Elena','Warmer','saeuberlichcatharina@example.net',0,1,'2026-02-16 13:18:12.178018','b90dac0c74974d1c95c615fbcc9f412e',NULL,NULL,'','Las wer Wetter weit voll. Leben rufen wollen Stadt der hoch Sommer.\nNicht alle Beispiel Zimmer. Spaß wie Lehrerin bringen Winter Bild Zeitung.',NULL,0,NULL,'2026-02-16 13:18:12.275193','2026-02-16 13:18:12.275196',20,NULL),('pbkdf2_sha256$1000000$zI4LcBnxV7X1oDjjh4OGsO$v0XSLxCoE9Yblp/vL1hY5/6a9ncWTFm57aM+ngUe/u4=','2026-02-16 13:54:10.822098',1,'jeme','javid','salihe','javidsalihe@gmail.com',1,1,'2026-02-16 09:48:15.885338','bd811fdcf17843deabcd542c64d33883','922342423423',NULL,'','I am javid','email',0,'male','2026-02-16 09:48:16.010423','2026-02-16 13:54:03.041896',38,13),('pbkdf2_sha256$1000000$WNI8A7Neg6eeZq2PmGP9bH$GZs1oANgg7dGJgZQJvuBJZO2fMn/Xu62sCqXUkcLZJ8=',NULL,0,'oschoenland_6762','Mara','Vogt','gina75@example.org',0,1,'2026-02-16 13:18:13.882008','be50d67c483142c8b79bf73f175cf793',NULL,NULL,'','Weinen wie gerade daran dafür suchen. Sonst Leben lustig Himmel fest.\nSpäter Milch sechs danach Küche dafür. Werden gestern tragen tot an. In sprechen Schule Sommer Berg kurz Beispiel.',NULL,0,NULL,'2026-02-16 13:18:13.979879','2026-02-16 13:18:13.979882',37,NULL),('pbkdf2_sha256$1000000$bhXNMhpcDhSYoiMRfFQIEh$ceEnPpp68XelZjfgb2cDhwPzxwMgHxAsJEU8R8+ZEDo=',NULL,0,'heinz-guentherschweitzer_5470','Adelinde','Beer','waehnerwalli@example.net',0,1,'2026-02-16 13:18:11.388054','c253f5944b514f529c380e36bfca33f1',NULL,NULL,'','See schicken schlecht nah. Fahren frei Spaß Baum endlich. Sich nah kein einmal kalt.\nEinmal Tier Wald Geschichte Eltern plötzlich Berg. Tier Klasse kochen groß Minute nimmt geben gibt.',NULL,0,NULL,'2026-02-16 13:18:11.482807','2026-02-16 13:18:11.482810',12,NULL),('pbkdf2_sha256$1000000$RNZ7MQQxI7oG85QJp5MQlp$6fKRA7q73Y4J7m4NHoFqGkvMi8injuqHrIXkrPojsCQ=',NULL,0,'lkrein_3416','Anneli','Flantz','fatimarose@example.org',0,1,'2026-02-16 13:14:35.397381','c3ccb4e0ea694acf8d45aa3303676167',NULL,NULL,'','Danach Stein mehr dafür gern wünschen. Kann fast um auch. Bei sind gut das voll Bruder.\nIns Ferien schauen. Brot ein er grün Weihnachten anfangen sechs verstecken.',NULL,0,NULL,'2026-02-16 13:14:35.489207','2026-02-16 13:14:35.489211',7,NULL),('pbkdf2_sha256$1000000$0EJa9ROtkph9XfL4q6kKTN$fx1np0aKcvEQbK9NACwXvpLP8W5iBlJKApZ8lZ6+3dA=',NULL,0,'gerlindwalter_1527','Tilmann','Schinke','paffrathreingard@example.com',0,1,'2026-02-16 13:18:13.077760','c52da043854349a785dc2c86453fb028',NULL,NULL,'','Öffnen Minutenmir weil Bauer.\nNun Brief fragen tragen schreiben Seite.\nGlück unten besser. Tür erzählen durch lieb.',NULL,0,NULL,'2026-02-16 13:18:13.173434','2026-02-16 13:18:13.173437',29,NULL),('pbkdf2_sha256$1000000$aPrjTA786yOqax6yfa1VpF$ScTOaRetfJ7vIuQTSb/GnJq3RHxfBag+MY0bc9TwMec=',NULL,0,'ikeudel_6336','Anselm','Bender','hermannsandy@example.com',0,1,'2026-02-16 13:18:11.881787','c72e033cca9245968845ad3ffadd5c8b',NULL,NULL,'','Es Bauer Gott Herz. Nacht Beispiel offen Schluss sofort.\nBuch öffnen See schreien Fuß Straße schwarz richtig. Schwester Geld glücklich Lehrerin Berg.',NULL,0,NULL,'2026-02-16 13:18:11.976577','2026-02-16 13:18:11.976580',17,NULL),('pbkdf2_sha256$1000000$KCtDMLXsSPZsNujmP5jEZp$YYOKk8EgCEUeBycrWXAmKPgGBACNXRSuMTaeeKJ0utc=',NULL,0,'doerschnerchristopher_6175','Gunar','Hartmann','mohauptguelsen@example.org',0,1,'2026-02-16 13:18:13.377574','ca9869808d904bda9632ff3a353f3876',NULL,NULL,'','Fertig Fahrrad zwei Zeitung genau. Schlimm nur braun Schluss ja. Stehen nicht Stunde wissen jung unter.',NULL,0,NULL,'2026-02-16 13:18:13.474077','2026-02-16 13:18:13.474080',32,NULL),('pbkdf2_sha256$1000000$RAvbCJGtN6uZZ9z2fDGQY0$sdwkuq8fVOFxZuIjgL/z585bDRvBgEdjmZ1L5pgLrfM=',NULL,0,'zjacob_7591','Robin','Rohleder','irmingard20@example.net',0,1,'2026-02-16 13:18:12.779360','d292d54d0ea8489fada27da3e9bfec8a',NULL,NULL,'','Fressen traurig Spiel oder schicken Lehrerin kennen. Stein Ende Arzt.\nSingen noch wirklich mögen Garten. Sofort jeder Mensch vielleicht also Stück. Auf oder Frau Land Glück braun.',NULL,0,NULL,'2026-02-16 13:18:12.874967','2026-02-16 13:18:12.874970',26,NULL),('pbkdf2_sha256$1000000$QgPfLZ6pqJbU4sg4qLbQI8$0cLybdwlhgh9aQf14eIaNWAl9RyDZiLpbm0ylCgrXWU=',NULL,0,'qkuhl_3326','Tomas','Stadelmann','doreenhethur@example.org',0,1,'2026-02-16 13:18:13.278419','d7ba4fad98974154b051dac86e29881c',NULL,NULL,'','Daran dunkel bekommen dabei alle. Packen wer reiten fiel Tisch warten. Darauf kann unter wo öffnen.\nWirklich schön nein alt aus Flasche Bett Zahl.',NULL,0,NULL,'2026-02-16 13:18:13.374470','2026-02-16 13:18:13.374472',31,NULL),('pbkdf2_sha256$1000000$SIr92GKmgwqa141sR4sizp$g8uwVVgOu+wcRyxkEMFr0o6SoTfmIRZVHDPU+g4/CRI=','2026-02-16 12:35:33.063875',0,'eli','elyas','salihe','eli@gmail.com',1,1,'2026-02-16 10:04:58.610741','db00b8ffa4e34005a62abf2f1fbe26a5','2423424234','2026-02-16','profiles/Mohmammad_Elyas_Salihe_WmB5hDk.jpg','asdflj alfdj','email',0,'male','2026-02-16 10:04:58.742982','2026-02-16 10:45:46.546304',1,1),('pbkdf2_sha256$1000000$PwyHxma88fpvy49Y2LPPmo$8abMNKO+lGXb4d0D+Dw3FJh3RmeY0fbgsH6LBidCrtU=',NULL,0,'raphaela59_3274','Anne','Häring','gutebogdan@example.com',0,1,'2026-02-16 13:18:11.486133','db720654c06748f1951aa929ae22b33f',NULL,NULL,'','Verstehen Fenster Minutenmir Abend sein bleiben. Mehr schlafen beide. Schule Auto Sonne gegen ja gelb Nacht.\nSpaß Ball nur selbst schwer Bruder kam. Gibt waschen Eltern.',NULL,0,NULL,'2026-02-16 13:18:11.579413','2026-02-16 13:18:11.579418',13,NULL),('pbkdf2_sha256$1000000$84EVGufUm8Ua6V3VrMl8TY$tmN/+dSl4SanFWf0I7FmNahj1Ag0xzsrGh0iLmEcbSo=','2026-02-16 13:34:16.528741',0,'momo','muddaser','salihe','momo@gmail.com',1,1,'2026-02-16 10:52:49.973126','dee648880bee4b48a3693c5ff8647ec2','2342423423432',NULL,'profiles/Muddaser-Salihe_1pqEgSg.jpg','Noneasdf','email',0,'male','2026-02-16 10:52:50.097392','2026-02-16 10:54:17.365533',2,4),('pbkdf2_sha256$1000000$YIukWLFIrAei2JggVJeZe3$FcL/aDKJBkAqUTv/GP7WG+zxSgoZaEo+OJdMiexS16o=',NULL,0,'spechel_8488','Egon','Hornig','korbiniangirschner@example.com',0,1,'2026-02-16 13:18:11.289303','eb9def8e0a32449d8f49241ac3b79da9',NULL,NULL,'','Wahr Ding Brot gegen geben zurück Abend. Auch wird schon nun glücklich.\nLeute weil erzählen nie oft sonst Spiel. Vom Welt er sicher letzte frei.',NULL,0,NULL,'2026-02-16 13:18:11.384009','2026-02-16 13:18:11.384013',11,NULL),('pbkdf2_sha256$1000000$0Y3JSyHPUuwizATCPDWzQR$DLQ0JKBT9lPJi4B1q32W4KRO3dYTR95pfN5N6EdkSqE=',NULL,0,'diana24_4333','Catrin','Mude','pwagner@example.org',0,1,'2026-02-16 13:18:11.782321','ec0f44cf181147a1b4f7fe4577d57932',NULL,NULL,'','Warm fehlen gibt Stein Hund wo Seite. Lachen nur ja Baum spät öffnen Land Sommer.\nAbend Geschenk sich Stelle sofort Berg groß laut. Erklären Papa Zahl weit zusammen traurig.',NULL,0,NULL,'2026-02-16 13:18:11.877307','2026-02-16 13:18:11.877310',16,NULL),('pbkdf2_sha256$1000000$I9r49lA2K0WfcyTMBFLhhF$BAQlkVYgrYmcrsbm33M/WsGn8J0iaN9DEqvvNEDvcA0=',NULL,0,'paffrathremo_2662','Desiree','Stadelmann','gtrapp@example.com',0,1,'2026-02-16 13:18:13.780700','f57403866b9f4221bf17f43e360d50c7',NULL,NULL,'','Mögen dabei alt darin für. Er Wetter fröhlich grün man.\nImmer fährt beißen. Beißen Erde gar.\nLernen Sonne Wohnung Uhr dein Zimmer. Sicher Abend Apfel war Wasser durch liegen. Las Geld Papa gestern.',NULL,0,NULL,'2026-02-16 13:18:13.878538','2026-02-16 13:18:13.878541',36,NULL),('pbkdf2_sha256$1000000$BkXeDlsXnkQWjsAwPJcAXl$xBgw9gCRl5QtsFbf3k6AI9vTWr7OO9GEK5o9sJvdMmM=',NULL,0,'ddussen-van_5606','Ralf-Dieter','Fiebig','hanny97@example.org',0,1,'2026-02-16 13:14:02.592549','f7b1fcc90b894b39a0770fad90114e30',NULL,NULL,'','Davon Schiff fehlen klettern beim. Werden groß kommen sprechen. Da warm von öffnen Freund dunkel.',NULL,0,NULL,'2026-02-16 13:14:02.685992','2026-02-16 13:14:02.686002',6,NULL),('pbkdf2_sha256$1000000$GcBvKLWCA7xN7mYetinaj1$Vorf9Mmy9QPlFMf10sEixkv7VQ61UbUDwTPOTp2fhpM=',NULL,0,'ewieloch_8537','Aziz','Neureuther','rolf00@example.org',0,1,'2026-02-16 13:18:12.078081','f925d9d9b4ae40308f838552f5bffdb0',NULL,NULL,'','Unten wichtig Junge Brot was haben. Verkaufen einmal in Pferd fast richtig Land.\nFrüh schaffen Minute grün Mädchen sitzen Wagen fahren. Singen das Wiese Dorf.',NULL,0,NULL,'2026-02-16 13:18:12.173583','2026-02-16 13:18:12.173589',19,NULL);
/*!40000 ALTER TABLE `users` ENABLE KEYS */;
UNLOCK TABLES;

--
-- Table structure for table `users_contactmessage`
--

DROP TABLE IF EXISTS `users_contactmessage`;
/*!40101 SET @saved_cs_client     = @@character_set_client */;
/*!50503 SET character_set_client = utf8mb4 */;
CREATE TABLE `users_contactmessage` (
  `id` bigint NOT NULL AUTO_INCREMENT,
  `name` varchar(100) NOT NULL,
  `email` varchar(100) NOT NULL,
  `message` longtext NOT NULL,
  `created_at` datetime(6) NOT NULL,
  PRIMARY KEY (`id`)
) ENGINE=InnoDB AUTO_INCREMENT=31 DEFAULT CHARSET=utf8mb4 COLLATE=utf8mb4_0900_ai_ci;
/*!40101 SET character_set_client = @saved_cs_client */;

--
-- Dumping data for table `users_contactmessage`
--

LOCK TABLES `users_contactmessage` WRITE;
/*!40000 ALTER TABLE `users_contactmessage` DISABLE KEYS */;
INSERT INTO `users_contactmessage` VALUES (1,'Ulrich Wieloch','beate22@example.org','Böse vergessen unter den. Sehr weil beißen kaufen Berg ging.','2026-02-16 13:18:11.087858'),(2,'Heidrun Weinhold','fflantz@example.net','Krank Wagen schaffen warum. Wahr Sohn fast hin Freund Eis aber.','2026-02-16 13:18:11.188765'),(3,'Mareen Bohnbach','michaele21@example.org','Brief durch Affe Woche nennen. Meer neun sein.','2026-02-16 13:18:11.287853'),(4,'Egon Hornig','korbiniangirschner@example.com','Darin böse durch ich wir Katze Seite. Schnee müssen Name ihn Stadt. Luft schwarz Gesicht Leben Bruder Straße schicken als.','2026-02-16 13:18:11.386807'),(5,'Adelinde Beer','waehnerwalli@example.net','Monate Jahr trinken machen fahren lange wichtig. Noch bleiben gefährlich Schnee. Legen nie Wasser See sich wie einmal.','2026-02-16 13:18:11.484976'),(6,'Anne Häring','gutebogdan@example.com','Wohl wie warum Hilfe unter am. Klein wahr Gesicht früh dazu. Wünschen böse sie laut Schluss.','2026-02-16 13:18:11.583009'),(7,'Ida Anders','ihenk@example.org','Gesund einfach Schiff neu gehören fangen glauben so. Klasse Schuh nennen. Ferien deshalb einige nämlich dir Garten las.','2026-02-16 13:18:11.682351'),(8,'Imelda Kruschwitz','jeanettebohnbach@example.org','Gehören Polizei schwer gelb. Kopf sicher Wissen Freund Wagen nächste. Oder laut Opa Geburtstag nicht. Las draußen Pferd nah.','2026-02-16 13:18:11.781121'),(9,'Catrin Mude','pwagner@example.org','Es Oma treffen schreien. Straße acht kalt Wald weiter hören darin.','2026-02-16 13:18:11.880550'),(10,'Anselm Bender','hermannsandy@example.com','Gott fahren die auch Vogel. Mama Spiel Meer den selbst.','2026-02-16 13:18:11.978725'),(11,'Theresia Wagenknecht','doreenriehl@example.com','Fallen fünf klettern. Geben jeder Name Abend. Lesen Zeitung wer natürlich bauen Kopf.','2026-02-16 13:18:12.076962'),(12,'Aziz Neureuther','rolf00@example.org','Einigen nein Frage klettern. Leise spät also helfen Bauer Teller.','2026-02-16 13:18:12.176521'),(13,'Elena Warmer','saeuberlichcatharina@example.net','Fenster Finger einige dabei früher wenn. Daran draußen Boden Sohn gerade Geburtstag rot. Sohn gleich hin. Schlagen Polizei mal schwarz.','2026-02-16 13:18:12.278145'),(14,'Rüdiger Gute','fechnerwolf-dietrich@example.com','Sagen sitzen essen immer Luft. Merken sonst gehören Dorf verstehen doch böse krank. Legen sich helfen oder groß Frage trinken.','2026-02-16 13:18:12.379204'),(15,'Patric Wesack','jrose@example.com','Vom heißen gestern Loch.','2026-02-16 13:18:12.480571'),(16,'Meryem Franke','osontag@example.net','Überall her Affe steigen. Platz Glück nur Mutter traurig packen andere. Arzt führen Hase mich wirklich nass tot.','2026-02-16 13:18:12.580179'),(17,'Karl Killer','heinz-georgsteinberg@example.net','Schwester Fisch fangen. Kurz daran Wald lachen brauchen Bauer. Tun Fisch vielleicht wenig.','2026-02-16 13:18:12.681045'),(18,'Karsten Junitz','rolf-dieterkarge@example.net','Alle weiter las Stein dir dir Dorf. Woche bringen hat erklären. Gut Garten los mehr fiel.','2026-02-16 13:18:12.778010'),(19,'Robin Rohleder','irmingard20@example.net','Fröhlich einmal böse nichts Hunger ruhig. Packen Bauer weg Fenster.','2026-02-16 13:18:12.877763'),(20,'Anna-Maria Jäntsch','wilhelm55@example.org','Hinein Blume rennen.','2026-02-16 13:18:12.977119'),(21,'Kathi Nerger','bruno65@example.com','Wort nimmt sieht Hund kaufen groß Ferien. Vogel Luft Dorf grün fahren geben. Jung reich Tür Musik zum offen schaffen.','2026-02-16 13:18:13.076591'),(22,'Tilmann Schinke','paffrathreingard@example.com','Schenken sonst wo weit zwischen. Dich nun jeder Hase überall liegen krank. Affe gut acht mein sofort. Finden für bekommen.','2026-02-16 13:18:13.176570'),(23,'Sibylla Lübs','cschaaf@example.net','Ohne erschrecken voll glücklich Frage Onkel. Im Feuer spät Minute rennen einige. War Geld schreien Milch arbeiten denken.','2026-02-16 13:18:13.277175'),(24,'Tomas Stadelmann','doreenhethur@example.org','Schlimm klein vier offen Auge denn lustig. Tisch selbst die. Uns oben bin seit vom Woche halten im.','2026-02-16 13:18:13.376728'),(25,'Gunar Hartmann','mohauptguelsen@example.org','Geben haben voll.','2026-02-16 13:18:13.476784'),(26,'Ekrem Kraushaar','kriemhildroehrdanz@example.org','Woche Schluss fangen tot. Doch so Monat hoch Mutter.','2026-02-16 13:18:13.576163'),(27,'Angelika Beier','eugenia07@example.com','Finger sehen Glas danach Weihnachten. Boden weinen ab beim. Hören Auge nämlich vor haben Sonntag.','2026-02-16 13:18:13.677459'),(28,'Franz Döring','hhaase@example.net','Wenig Uhr ihn gewinnen ihm. Beispiel nämlich reiten Schüler Schluss alt Gott. Zahl dir Welt bei Brot doch erschrecken. Sonne Kind Beispiel nein schreiben.','2026-02-16 13:18:13.779283'),(29,'Desiree Stadelmann','gtrapp@example.com','Fast war lesen über. Affe Klasse Maus ich sprechen grün ich. Fenster besser ins schwimmen.','2026-02-16 13:18:13.880913'),(30,'Mara Vogt','gina75@example.org','Einigen Tag trinken Lehrer ihn. Geschichte müde alle essen wenig. Damit haben liegen.','2026-02-16 13:18:13.982857');
/*!40000 ALTER TABLE `users_contactmessage` ENABLE KEYS */;
UNLOCK TABLES;

--
-- Table structure for table `users_groups`
--

DROP TABLE IF EXISTS `users_groups`;
/*!40101 SET @saved_cs_client     = @@character_set_client */;
/*!50503 SET character_set_client = utf8mb4 */;
CREATE TABLE `users_groups` (
  `id` bigint NOT NULL AUTO_INCREMENT,
  `user_id` char(32) NOT NULL,
  `group_id` int NOT NULL,
  PRIMARY KEY (`id`),
  UNIQUE KEY `users_groups_user_id_group_id_fc7788e8_uniq` (`user_id`,`group_id`),
  KEY `users_groups_group_id_2f3517aa_fk_auth_group_id` (`group_id`),
  CONSTRAINT `users_groups_group_id_2f3517aa_fk_auth_group_id` FOREIGN KEY (`group_id`) REFERENCES `auth_group` (`id`),
  CONSTRAINT `users_groups_user_id_f500bee5_fk_users_id` FOREIGN KEY (`user_id`) REFERENCES `users` (`id`)
) ENGINE=InnoDB DEFAULT CHARSET=utf8mb4 COLLATE=utf8mb4_0900_ai_ci;
/*!40101 SET character_set_client = @saved_cs_client */;

--
-- Dumping data for table `users_groups`
--

LOCK TABLES `users_groups` WRITE;
/*!40000 ALTER TABLE `users_groups` DISABLE KEYS */;
/*!40000 ALTER TABLE `users_groups` ENABLE KEYS */;
UNLOCK TABLES;

--
-- Table structure for table `users_user_permissions`
--

DROP TABLE IF EXISTS `users_user_permissions`;
/*!40101 SET @saved_cs_client     = @@character_set_client */;
/*!50503 SET character_set_client = utf8mb4 */;
CREATE TABLE `users_user_permissions` (
  `id` bigint NOT NULL AUTO_INCREMENT,
  `user_id` char(32) NOT NULL,
  `permission_id` int NOT NULL,
  PRIMARY KEY (`id`),
  UNIQUE KEY `users_user_permissions_user_id_permission_id_3b86cbdf_uniq` (`user_id`,`permission_id`),
  KEY `users_user_permissio_permission_id_6d08dcd2_fk_auth_perm` (`permission_id`),
  CONSTRAINT `users_user_permissio_permission_id_6d08dcd2_fk_auth_perm` FOREIGN KEY (`permission_id`) REFERENCES `auth_permission` (`id`),
  CONSTRAINT `users_user_permissions_user_id_92473840_fk_users_id` FOREIGN KEY (`user_id`) REFERENCES `users` (`id`)
) ENGINE=InnoDB DEFAULT CHARSET=utf8mb4 COLLATE=utf8mb4_0900_ai_ci;
/*!40101 SET character_set_client = @saved_cs_client */;

--
-- Dumping data for table `users_user_permissions`
--

LOCK TABLES `users_user_permissions` WRITE;
/*!40000 ALTER TABLE `users_user_permissions` DISABLE KEYS */;
/*!40000 ALTER TABLE `users_user_permissions` ENABLE KEYS */;
UNLOCK TABLES;

--
-- Dumping routines for database 'skillswap'
--
SET @@SESSION.SQL_LOG_BIN = @MYSQLDUMP_TEMP_LOG_BIN;
/*!40103 SET TIME_ZONE=@OLD_TIME_ZONE */;

/*!40101 SET SQL_MODE=@OLD_SQL_MODE */;
/*!40014 SET FOREIGN_KEY_CHECKS=@OLD_FOREIGN_KEY_CHECKS */;
/*!40014 SET UNIQUE_CHECKS=@OLD_UNIQUE_CHECKS */;
/*!40101 SET CHARACTER_SET_CLIENT=@OLD_CHARACTER_SET_CLIENT */;
/*!40101 SET CHARACTER_SET_RESULTS=@OLD_CHARACTER_SET_RESULTS */;
/*!40101 SET COLLATION_CONNECTION=@OLD_COLLATION_CONNECTION */;
/*!40111 SET SQL_NOTES=@OLD_SQL_NOTES */;

-- Dump completed on 2026-02-16 14:58:41
